-- phpMyAdmin SQL Dump
-- version 3.4.5
-- http://www.phpmyadmin.net
--
-- Servidor: localhost
-- Tiempo de generación: 16-07-2021 a las 23:44:10
-- Versión del servidor: 5.5.16
-- Versión de PHP: 5.3.8

SET SQL_MODE="NO_AUTO_VALUE_ON_ZERO";
SET time_zone = "+00:00";


/*!40101 SET @OLD_CHARACTER_SET_CLIENT=@@CHARACTER_SET_CLIENT */;
/*!40101 SET @OLD_CHARACTER_SET_RESULTS=@@CHARACTER_SET_RESULTS */;
/*!40101 SET @OLD_COLLATION_CONNECTION=@@COLLATION_CONNECTION */;
/*!40101 SET NAMES utf8 */;

--
-- Base de datos: `control_asistencia`
--

-- --------------------------------------------------------

--
-- Estructura de tabla para la tabla `asistencia`
--

CREATE TABLE IF NOT EXISTS `asistencia` (
  `idasistencia` int(11) NOT NULL AUTO_INCREMENT,
  `codigo_persona` varchar(20) COLLATE utf8_bin NOT NULL,
  `fecha_hora` timestamp NOT NULL DEFAULT CURRENT_TIMESTAMP ON UPDATE CURRENT_TIMESTAMP,
  `tipo` varchar(45) COLLATE utf8_bin NOT NULL,
  `fecha` date NOT NULL,
  `hora` time NOT NULL,
  PRIMARY KEY (`idasistencia`)
) ENGINE=InnoDB  DEFAULT CHARSET=utf8 COLLATE=utf8_bin AUTO_INCREMENT=1346 ;

--
-- Volcado de datos para la tabla `asistencia`
--

INSERT INTO `asistencia` (`idasistencia`, `codigo_persona`, `fecha_hora`, `tipo`, `fecha`, `hora`) VALUES
(288, '1825', '2021-07-06 18:17:28', 'Entrada', '2021-07-06', '12:17:28'),
(289, '977', '2021-07-06 18:18:02', 'Entrada', '2021-07-06', '12:18:02'),
(290, '977', '2021-07-06 18:18:06', 'Salida', '2021-07-06', '12:18:06'),
(291, '1825', '2021-07-06 18:18:16', 'Salida', '2021-07-06', '12:18:16'),
(292, '1825', '2021-07-06 18:18:21', 'Entrada', '2021-07-06', '12:18:21'),
(293, '977', '2021-07-06 18:18:29', 'Entrada', '2021-07-06', '12:18:29'),
(294, '977', '2021-07-06 18:18:36', 'Salida', '2021-07-06', '12:18:36'),
(295, '977', '2021-07-06 18:18:43', 'Entrada', '2021-07-06', '12:18:43'),
(296, '1652', '2021-07-06 18:44:48', 'Entrada', '2021-07-06', '12:44:48'),
(297, '977', '2021-07-06 19:43:38', 'Salida', '2021-07-06', '13:43:38'),
(298, '1596', '2021-07-06 19:54:45', 'Entrada', '2021-07-06', '13:54:45'),
(299, '1316', '2021-07-06 20:09:25', 'Entrada', '2021-07-06', '14:09:25'),
(300, '1988', '2021-07-06 20:47:19', 'Entrada', '2021-07-06', '14:47:19'),
(301, '12345', '2021-07-07 00:06:22', 'Entrada', '2021-07-06', '18:06:22'),
(302, '347', '2021-07-07 00:06:51', 'Entrada', '2021-07-06', '18:06:51'),
(303, '1644', '2021-07-07 11:26:10', 'Entrada', '2021-07-07', '05:26:10'),
(304, '25000', '2021-07-07 11:46:55', 'Entrada', '2021-07-07', '05:46:55'),
(305, '25000', '2021-07-07 11:46:58', 'Salida', '2021-07-07', '05:46:58'),
(306, '25000', '2021-07-07 11:47:10', 'Entrada', '2021-07-07', '05:47:10'),
(307, '1702', '2021-07-07 11:59:10', 'Entrada', '2021-07-07', '05:59:10'),
(308, '1702', '2021-07-07 11:59:16', 'Salida', '2021-07-07', '05:59:16'),
(309, '1702', '2021-07-07 11:59:41', 'Entrada', '2021-07-07', '05:59:41'),
(310, '1438', '2021-07-07 12:03:11', 'Entrada', '2021-07-07', '06:03:11'),
(311, '452', '2021-07-07 12:03:19', 'Entrada', '2021-07-07', '06:03:19'),
(312, '686', '2021-07-07 12:14:54', 'Entrada', '2021-07-07', '06:14:54'),
(313, '124', '2021-07-07 12:21:01', 'Entrada', '2021-07-07', '06:21:01'),
(314, '1843', '2021-07-07 12:52:58', 'Entrada', '2021-07-07', '06:52:58'),
(315, '1843', '2021-07-07 12:52:59', 'Salida', '2021-07-07', '06:52:59'),
(316, '1843', '2021-07-07 12:53:04', 'Entrada', '2021-07-07', '06:53:04'),
(317, '1408', '2021-07-07 12:56:51', 'Entrada', '2021-07-07', '06:56:51'),
(318, '1408', '2021-07-07 12:56:52', 'Salida', '2021-07-07', '06:56:52'),
(319, '1408', '2021-07-07 12:56:59', 'Entrada', '2021-07-07', '06:56:59'),
(320, '2022', '2021-07-07 12:57:19', 'Entrada', '2021-07-07', '06:57:19'),
(321, '2057', '2021-07-07 13:07:25', 'Entrada', '2021-07-07', '07:07:25'),
(322, '574', '2021-07-07 13:12:00', 'Entrada', '2021-07-07', '07:12:00'),
(323, '977', '2021-07-07 13:14:01', 'Entrada', '2021-07-07', '07:14:01'),
(324, '1500', '2021-07-07 13:21:22', 'Entrada', '2021-07-07', '07:21:22'),
(325, '444', '2021-07-07 13:21:39', 'Entrada', '2021-07-07', '07:21:39'),
(326, '1562', '2021-07-07 13:24:09', 'Entrada', '2021-07-07', '07:24:09'),
(327, '1562', '2021-07-07 13:24:40', 'Salida', '2021-07-07', '07:24:40'),
(328, '1562', '2021-07-07 13:24:42', 'Entrada', '2021-07-07', '07:24:42'),
(329, '1716', '2021-07-07 13:24:52', 'Entrada', '2021-07-07', '07:24:52'),
(330, '1716', '2021-07-07 13:24:56', 'Salida', '2021-07-07', '07:24:56'),
(331, '1716', '2021-07-07 13:25:03', 'Entrada', '2021-07-07', '07:25:03'),
(332, '1861', '2021-07-07 13:33:46', 'Entrada', '2021-07-07', '07:33:46'),
(333, '347', '2021-07-07 13:37:31', 'Salida', '2021-07-07', '07:37:31'),
(334, '347', '2021-07-07 13:37:41', 'Entrada', '2021-07-07', '07:37:41'),
(335, '110', '2021-07-07 13:38:45', 'Entrada', '2021-07-07', '07:38:45'),
(336, '629', '2021-07-07 13:40:36', 'Entrada', '2021-07-07', '07:40:36'),
(338, '1761', '2021-07-07 13:41:27', 'Entrada', '2021-07-07', '07:41:27'),
(339, '1443', '2021-07-07 13:41:40', 'Entrada', '2021-07-07', '07:41:40'),
(340, '824', '2021-07-07 13:42:37', 'Entrada', '2021-07-07', '07:42:37'),
(341, '1855', '2021-07-07 13:46:43', 'Entrada', '2021-07-07', '07:46:43'),
(342, '1364', '2021-07-07 13:46:47', 'Entrada', '2021-07-07', '07:46:47'),
(343, '1582', '2021-07-07 13:47:25', 'Entrada', '2021-07-07', '07:47:25'),
(344, '1582', '2021-07-07 13:47:42', 'Salida', '2021-07-07', '07:47:42'),
(345, '1582', '2021-07-07 13:47:53', 'Entrada', '2021-07-07', '07:47:53'),
(346, '2032', '2021-07-07 13:48:26', 'Entrada', '2021-07-07', '07:48:26'),
(347, '2032', '2021-07-07 13:48:34', 'Salida', '2021-07-07', '07:48:34'),
(348, '1922', '2021-07-07 13:49:01', 'Entrada', '2021-07-07', '07:49:01'),
(349, '116', '2021-07-07 13:50:51', 'Entrada', '2021-07-07', '07:50:51'),
(350, '1825', '2021-07-07 13:51:25', 'Salida', '2021-07-07', '07:51:25'),
(351, '1825', '2021-07-07 13:51:31', 'Entrada', '2021-07-07', '07:51:31'),
(352, '1596', '2021-07-07 13:52:20', 'Salida', '2021-07-07', '07:52:20'),
(353, '1596', '2021-07-07 13:52:25', 'Entrada', '2021-07-07', '07:52:25'),
(354, '1470', '2021-07-07 13:53:07', 'Entrada', '2021-07-07', '07:53:07'),
(355, '1916', '2021-07-07 13:56:10', 'Entrada', '2021-07-07', '07:56:10'),
(356, '1316', '2021-07-07 13:56:22', 'Salida', '2021-07-07', '07:56:22'),
(357, '1316', '2021-07-07 13:56:35', 'Entrada', '2021-07-07', '07:56:35'),
(358, '176', '2021-07-07 13:57:18', 'Entrada', '2021-07-07', '07:57:18'),
(359, '116', '2021-07-07 13:58:36', 'Salida', '2021-07-07', '07:58:36'),
(360, '1114', '2021-07-07 13:59:02', 'Entrada', '2021-07-07', '07:59:02'),
(361, '12345', '2021-07-07 14:00:38', 'Salida', '2021-07-07', '08:00:38'),
(362, '1896', '2021-07-07 14:02:51', 'Entrada', '2021-07-07', '08:02:51'),
(363, '935', '2021-07-07 14:05:52', 'Entrada', '2021-07-07', '08:05:52'),
(364, '824', '2021-07-07 14:08:27', 'Salida', '2021-07-07', '08:08:27'),
(365, '1972', '2021-07-07 14:15:38', 'Entrada', '2021-07-07', '08:15:38'),
(366, '2038', '2021-07-07 14:17:49', 'Entrada', '2021-07-07', '08:17:49'),
(367, '30000', '2021-07-07 14:18:35', 'Entrada', '2021-07-07', '08:18:35'),
(368, '116', '2021-07-07 14:28:45', 'Entrada', '2021-07-07', '08:28:45'),
(369, '116', '2021-07-07 14:52:00', 'Salida', '2021-07-07', '08:52:00'),
(370, '116', '2021-07-07 14:52:08', 'Entrada', '2021-07-07', '08:52:08'),
(371, '116', '2021-07-07 14:52:12', 'Salida', '2021-07-07', '08:52:12'),
(372, '116', '2021-07-07 14:52:19', 'Entrada', '2021-07-07', '08:52:19'),
(373, '116', '2021-07-07 14:52:34', 'Salida', '2021-07-07', '08:52:34'),
(374, '1896', '2021-07-07 15:09:58', 'Salida', '2021-07-07', '09:09:58'),
(375, '116', '2021-07-07 15:22:12', 'Entrada', '2021-07-07', '09:22:12'),
(376, '116', '2021-07-07 15:52:39', 'Salida', '2021-07-07', '09:52:39'),
(377, '116', '2021-07-07 15:52:40', 'Entrada', '2021-07-07', '09:52:40'),
(378, '116', '2021-07-07 15:52:44', 'Salida', '2021-07-07', '09:52:44'),
(379, '1438', '2021-07-07 16:11:11', 'Salida', '2021-07-07', '10:11:11'),
(380, '1438', '2021-07-07 16:11:36', 'Entrada', '2021-07-07', '10:11:36'),
(381, '1438', '2021-07-07 16:11:58', 'Salida', '2021-07-07', '10:11:58'),
(382, '1942', '2021-07-07 16:19:52', 'Entrada', '2021-07-07', '10:19:52'),
(383, '1942', '2021-07-07 16:20:12', 'Salida', '2021-07-07', '10:20:12'),
(384, '30000', '2021-07-07 17:01:00', 'Salida', '2021-07-07', '11:01:00'),
(385, '1896', '2021-07-07 17:06:59', 'Entrada', '2021-07-07', '11:06:59'),
(386, '1896', '2021-07-07 17:15:48', 'Salida', '2021-07-07', '11:15:48'),
(387, '824', '2021-07-07 18:00:01', 'Entrada', '2021-07-07', '12:00:01'),
(388, '1755', '2021-07-07 18:27:43', 'Entrada', '2021-07-07', '12:27:43'),
(389, '630', '2021-07-07 18:43:59', 'Entrada', '2021-07-07', '12:43:59'),
(390, '1784', '2021-07-07 18:51:25', 'Entrada', '2021-07-07', '12:51:25'),
(391, '1652', '2021-07-07 18:52:22', 'Salida', '2021-07-07', '12:52:22'),
(392, '1311', '2021-07-07 18:54:36', 'Entrada', '2021-07-07', '12:54:36'),
(395, '977', '2021-07-07 20:33:08', 'Salida', '2021-07-07', '14:33:08'),
(396, '977', '2021-07-07 20:33:12', 'Entrada', '2021-07-07', '14:33:12'),
(397, '1761', '2021-07-07 20:35:40', 'Salida', '2021-07-07', '14:35:40'),
(398, '1058', '2021-07-07 20:42:00', 'Entrada', '2021-07-07', '14:42:00'),
(399, '1058', '2021-07-07 20:42:06', 'Salida', '2021-07-07', '14:42:06'),
(400, '1988', '2021-07-07 20:46:57', 'Salida', '2021-07-07', '14:46:57'),
(401, '1855', '2021-07-07 21:01:36', 'Salida', '2021-07-07', '15:01:36'),
(402, '116', '2021-07-07 21:30:16', 'Entrada', '2021-07-07', '15:30:16'),
(403, '116', '2021-07-07 21:42:08', 'Salida', '2021-07-07', '15:42:08'),
(404, '1364', '2021-07-07 21:50:32', 'Salida', '2021-07-07', '15:50:32'),
(405, '1499', '2021-07-07 21:52:24', 'Entrada', '2021-07-07', '15:52:24'),
(406, '1499', '2021-07-07 21:52:25', 'Salida', '2021-07-07', '15:52:25'),
(407, '977', '2021-07-07 22:14:11', 'Salida', '2021-07-07', '16:14:11'),
(409, '2022', '2021-07-07 22:30:00', 'Salida', '2021-07-07', '16:30:00'),
(413, '1702', '2021-07-07 23:04:32', 'Salida', '2021-07-07', '17:04:32'),
(414, '989', '2021-07-07 23:06:36', 'Entrada', '2021-07-07', '17:06:36'),
(415, '989', '2021-07-07 23:06:49', 'Salida', '2021-07-07', '17:06:49'),
(416, '1114', '2021-07-07 23:10:03', 'Salida', '2021-07-07', '17:10:03'),
(417, '444', '2021-07-07 23:13:59', 'Salida', '2021-07-07', '17:13:59'),
(418, '2032', '2021-07-07 23:16:08', 'Entrada', '2021-07-07', '17:16:08'),
(419, '2032', '2021-07-07 23:16:10', 'Salida', '2021-07-07', '17:16:10'),
(420, '824', '2021-07-07 23:18:43', 'Salida', '2021-07-07', '17:18:43'),
(421, '1644', '2021-07-07 23:19:20', 'Salida', '2021-07-07', '17:19:20'),
(422, '1562', '2021-07-07 23:22:02', 'Salida', '2021-07-07', '17:22:02'),
(423, '1922', '2021-07-07 23:26:29', 'Salida', '2021-07-07', '17:26:29'),
(424, '25000', '2021-07-07 23:27:37', 'Salida', '2021-07-07', '17:27:37'),
(425, '25000', '2021-07-07 23:27:38', 'Entrada', '2021-07-07', '17:27:38'),
(426, '25000', '2021-07-07 23:29:17', 'Salida', '2021-07-07', '17:29:17'),
(427, '1825', '2021-07-07 23:29:30', 'Salida', '2021-07-07', '17:29:30'),
(428, '1825', '2021-07-07 23:29:37', 'Entrada', '2021-07-07', '17:29:37'),
(429, '1825', '2021-07-07 23:29:46', 'Salida', '2021-07-07', '17:29:46'),
(430, '1825', '2021-07-07 23:30:06', 'Entrada', '2021-07-07', '17:30:06'),
(431, '1825', '2021-07-07 23:30:07', 'Salida', '2021-07-07', '17:30:07'),
(432, '1825', '2021-07-07 23:30:17', 'Entrada', '2021-07-07', '17:30:17'),
(433, '1825', '2021-07-07 23:30:30', 'Salida', '2021-07-07', '17:30:30'),
(434, '1972', '2021-07-07 23:31:15', 'Salida', '2021-07-07', '17:31:15'),
(435, '1972', '2021-07-07 23:31:19', 'Entrada', '2021-07-07', '17:31:19'),
(436, '1825', '2021-07-07 23:32:15', 'Entrada', '2021-07-07', '17:32:15'),
(437, '1825', '2021-07-07 23:32:27', 'Salida', '2021-07-07', '17:32:27'),
(438, '1972', '2021-07-07 23:33:03', 'Salida', '2021-07-07', '17:33:03'),
(439, '1972', '2021-07-07 23:33:09', 'Entrada', '2021-07-07', '17:33:09'),
(440, '1077', '2021-07-07 23:34:55', 'Entrada', '2021-07-07', '17:34:55'),
(441, '1077', '2021-07-07 23:35:19', 'Salida', '2021-07-07', '17:35:19'),
(442, '1896', '2021-07-07 23:36:27', 'Entrada', '2021-07-07', '17:36:27'),
(443, '1896', '2021-07-07 23:43:26', 'Salida', '2021-07-07', '17:43:26'),
(444, '30000', '2021-07-07 23:49:25', 'Entrada', '2021-07-07', '17:49:25'),
(445, '1942', '2021-07-07 23:50:32', 'Entrada', '2021-07-07', '17:50:32'),
(446, '1582', '2021-07-08 00:06:46', 'Salida', '2021-07-07', '18:06:46'),
(447, '1942', '2021-07-08 00:07:40', 'Salida', '2021-07-07', '18:07:40'),
(448, '110', '2021-07-08 00:09:44', 'Salida', '2021-07-07', '18:09:44'),
(449, '935', '2021-07-08 00:12:52', 'Salida', '2021-07-07', '18:12:52'),
(450, '347', '2021-07-08 00:13:29', 'Salida', '2021-07-07', '18:13:29'),
(451, '2057', '2021-07-08 00:13:48', 'Salida', '2021-07-07', '18:13:48'),
(452, '1596', '2021-07-08 00:14:25', 'Salida', '2021-07-07', '18:14:25'),
(453, '629', '2021-07-08 00:14:33', 'Salida', '2021-07-07', '18:14:33'),
(454, '1443', '2021-07-08 00:15:19', 'Salida', '2021-07-07', '18:15:19'),
(455, '1470', '2021-07-08 00:15:56', 'Salida', '2021-07-07', '18:15:56'),
(456, '12345', '2021-07-08 00:20:19', 'Entrada', '2021-07-07', '18:20:19'),
(457, '1843', '2021-07-08 00:22:14', 'Salida', '2021-07-07', '18:22:14'),
(458, '176', '2021-07-08 00:23:35', 'Salida', '2021-07-07', '18:23:35'),
(459, '1500', '2021-07-08 00:23:42', 'Salida', '2021-07-07', '18:23:42'),
(460, '30000', '2021-07-08 00:25:19', 'Salida', '2021-07-07', '18:25:19'),
(461, '977', '2021-07-08 00:25:36', 'Entrada', '2021-07-07', '18:25:36'),
(462, '977', '2021-07-08 00:25:42', 'Salida', '2021-07-07', '18:25:42'),
(463, '1408', '2021-07-08 00:37:52', 'Salida', '2021-07-07', '18:37:52'),
(464, '1916', '2021-07-08 00:41:30', 'Salida', '2021-07-07', '18:41:30'),
(465, '1861', '2021-07-08 00:41:35', 'Salida', '2021-07-07', '18:41:35'),
(466, '1716', '2021-07-08 00:50:03', 'Salida', '2021-07-07', '18:50:03'),
(467, '2038', '2021-07-08 00:51:00', 'Salida', '2021-07-07', '18:51:00'),
(468, '686', '2021-07-08 00:52:01', 'Salida', '2021-07-07', '18:52:01'),
(469, '574', '2021-07-08 01:01:43', 'Salida', '2021-07-07', '19:01:43'),
(470, '1972', '2021-07-08 01:43:35', 'Salida', '2021-07-07', '19:43:35'),
(471, '1755', '2021-07-08 03:16:33', 'Salida', '2021-07-07', '21:16:33'),
(472, '1755', '2021-07-08 03:16:46', 'Entrada', '2021-07-07', '21:16:46'),
(473, '1755', '2021-07-08 03:16:53', 'Salida', '2021-07-07', '21:16:53'),
(474, '1652', '2021-07-08 03:25:35', 'Entrada', '2021-07-07', '21:25:35'),
(475, '1311', '2021-07-08 03:25:53', 'Salida', '2021-07-07', '21:25:53'),
(476, '1311', '2021-07-08 03:25:55', 'Entrada', '2021-07-07', '21:25:55'),
(477, '1784', '2021-07-08 03:26:01', 'Salida', '2021-07-07', '21:26:01'),
(478, '1311', '2021-07-08 03:26:43', 'Salida', '2021-07-07', '21:26:43'),
(479, '1652', '2021-07-08 03:27:30', 'Salida', '2021-07-07', '21:27:30'),
(480, '630', '2021-07-08 03:29:48', 'Salida', '2021-07-07', '21:29:48'),
(481, '1988', '2021-07-08 04:50:40', 'Entrada', '2021-07-07', '22:50:40'),
(482, '1988', '2021-07-08 04:50:56', 'Salida', '2021-07-07', '22:50:56'),
(483, '1316', '2021-07-08 04:52:53', 'Salida', '2021-07-07', '22:52:53'),
(484, '1058', '2021-07-08 04:58:43', 'Entrada', '2021-07-07', '22:58:43'),
(485, '1058', '2021-07-08 04:58:47', 'Salida', '2021-07-07', '22:58:47'),
(486, '1364', '2021-07-08 11:34:44', 'Entrada', '2021-07-08', '05:34:44'),
(487, '1855', '2021-07-08 11:35:47', 'Entrada', '2021-07-08', '05:35:47'),
(488, '444', '2021-07-08 11:38:32', 'Entrada', '2021-07-08', '05:38:32'),
(489, '25000', '2021-07-08 11:42:36', 'Entrada', '2021-07-08', '05:42:36'),
(490, '1784', '2021-07-08 11:53:07', 'Entrada', '2021-07-08', '05:53:07'),
(491, '1702', '2021-07-08 12:03:24', 'Entrada', '2021-07-08', '06:03:24'),
(492, '452', '2021-07-08 12:04:31', 'Salida', '2021-07-08', '06:04:31'),
(493, '1843', '2021-07-08 12:04:40', 'Entrada', '2021-07-08', '06:04:40'),
(494, '452', '2021-07-08 12:04:55', 'Entrada', '2021-07-08', '06:04:55'),
(495, '686', '2021-07-08 12:08:26', 'Entrada', '2021-07-08', '06:08:26'),
(496, '347', '2021-07-08 12:43:31', 'Entrada', '2021-07-08', '06:43:31'),
(497, '1077', '2021-07-08 12:52:52', 'Entrada', '2021-07-08', '06:52:52'),
(498, '1077', '2021-07-08 12:52:59', 'Salida', '2021-07-08', '06:52:59'),
(499, '1077', '2021-07-08 12:53:10', 'Entrada', '2021-07-08', '06:53:10'),
(500, '1077', '2021-07-08 12:53:11', 'Salida', '2021-07-08', '06:53:11'),
(501, '1077', '2021-07-08 12:54:09', 'Entrada', '2021-07-08', '06:54:09'),
(502, '1942', '2021-07-08 13:07:20', 'Entrada', '2021-07-08', '07:07:20'),
(503, '2057', '2021-07-08 13:12:07', 'Entrada', '2021-07-08', '07:12:07'),
(504, '1499', '2021-07-08 13:14:17', 'Entrada', '2021-07-08', '07:14:17'),
(505, '1500', '2021-07-08 13:15:17', 'Entrada', '2021-07-08', '07:15:17'),
(506, '1562', '2021-07-08 13:15:24', 'Entrada', '2021-07-08', '07:15:24'),
(507, '30000', '2021-07-08 13:17:48', 'Entrada', '2021-07-08', '07:17:48'),
(508, '2032', '2021-07-08 13:20:54', 'Entrada', '2021-07-08', '07:20:54'),
(509, '1861', '2021-07-08 13:27:29', 'Entrada', '2021-07-08', '07:27:29'),
(510, '1942', '2021-07-08 13:30:33', 'Salida', '2021-07-08', '07:30:33'),
(511, '2022', '2021-07-08 13:30:44', 'Entrada', '2021-07-08', '07:30:44'),
(512, '1470', '2021-07-08 13:35:03', 'Entrada', '2021-07-08', '07:35:03'),
(513, '176', '2021-07-08 13:38:43', 'Entrada', '2021-07-08', '07:38:43'),
(514, '116', '2021-07-08 13:43:16', 'Entrada', '2021-07-08', '07:43:16'),
(515, '1114', '2021-07-08 13:47:03', 'Entrada', '2021-07-08', '07:47:03'),
(516, '574', '2021-07-08 13:47:42', 'Entrada', '2021-07-08', '07:47:42'),
(517, '1916', '2021-07-08 13:49:21', 'Entrada', '2021-07-08', '07:49:21'),
(518, '824', '2021-07-08 13:50:04', 'Entrada', '2021-07-08', '07:50:04'),
(519, '12345', '2021-07-08 13:51:15', 'Salida', '2021-07-08', '07:51:15'),
(520, '1596', '2021-07-08 13:52:33', 'Entrada', '2021-07-08', '07:52:33'),
(521, '1596', '2021-07-08 13:52:35', 'Salida', '2021-07-08', '07:52:35'),
(522, '989', '2021-07-08 13:52:39', 'Entrada', '2021-07-08', '07:52:39'),
(523, '989', '2021-07-08 13:52:42', 'Salida', '2021-07-08', '07:52:42'),
(524, '989', '2021-07-08 13:52:50', 'Entrada', '2021-07-08', '07:52:50'),
(525, '977', '2021-07-08 13:52:58', 'Entrada', '2021-07-08', '07:52:58'),
(526, '1825', '2021-07-08 13:53:09', 'Entrada', '2021-07-08', '07:53:09'),
(527, '1582', '2021-07-08 13:53:14', 'Entrada', '2021-07-08', '07:53:14'),
(528, '935', '2021-07-08 13:54:50', 'Entrada', '2021-07-08', '07:54:50'),
(529, '1922', '2021-07-08 13:56:11', 'Entrada', '2021-07-08', '07:56:11'),
(530, '1896', '2021-07-08 13:56:18', 'Entrada', '2021-07-08', '07:56:18'),
(531, '1316', '2021-07-08 14:04:17', 'Entrada', '2021-07-08', '08:04:17'),
(532, '1716', '2021-07-08 14:09:03', 'Entrada', '2021-07-08', '08:09:03'),
(533, '1972', '2021-07-08 14:10:23', 'Entrada', '2021-07-08', '08:10:23'),
(534, '1644', '2021-07-08 14:49:27', 'Entrada', '2021-07-08', '08:49:27'),
(535, '1644', '2021-07-08 14:49:39', 'Salida', '2021-07-08', '08:49:39'),
(536, '1644', '2021-07-08 14:49:41', 'Entrada', '2021-07-08', '08:49:41'),
(537, '1364', '2021-07-08 15:48:59', 'Salida', '2021-07-08', '09:48:59'),
(538, '1364', '2021-07-08 15:49:00', 'Entrada', '2021-07-08', '09:49:00'),
(539, '30000', '2021-07-08 16:32:33', 'Salida', '2021-07-08', '10:32:33'),
(540, '1896', '2021-07-08 16:39:48', 'Salida', '2021-07-08', '10:39:48'),
(541, '116', '2021-07-08 17:06:53', 'Salida', '2021-07-08', '11:06:53'),
(542, '452', '2021-07-08 18:02:26', 'Salida', '2021-07-08', '12:02:26'),
(543, '1702', '2021-07-08 18:07:12', 'Salida', '2021-07-08', '12:07:12'),
(544, '116', '2021-07-08 18:23:35', 'Entrada', '2021-07-08', '12:23:35'),
(545, '1438', '2021-07-08 18:33:47', 'Entrada', '2021-07-08', '12:33:47'),
(546, '1755', '2021-07-08 18:33:58', 'Entrada', '2021-07-08', '12:33:58'),
(547, '1470', '2021-07-08 18:40:12', 'Salida', '2021-07-08', '12:40:12'),
(548, '630', '2021-07-08 18:43:35', 'Entrada', '2021-07-08', '12:43:35'),
(549, '630', '2021-07-08 18:43:54', 'Salida', '2021-07-08', '12:43:54'),
(550, '110', '2021-07-08 18:44:02', 'Entrada', '2021-07-08', '12:44:02'),
(551, '1652', '2021-07-08 18:50:30', 'Entrada', '2021-07-08', '12:50:30'),
(552, '1311', '2021-07-08 18:56:13', 'Entrada', '2021-07-08', '12:56:13'),
(553, '1716', '2021-07-08 18:58:54', 'Salida', '2021-07-08', '12:58:54'),
(554, '116', '2021-07-08 19:40:33', 'Salida', '2021-07-08', '13:40:33'),
(555, '1364', '2021-07-08 19:45:13', 'Salida', '2021-07-08', '13:45:13'),
(556, '1364', '2021-07-08 19:45:23', 'Entrada', '2021-07-08', '13:45:23'),
(557, '1364', '2021-07-08 19:45:34', 'Salida', '2021-07-08', '13:45:34'),
(558, '1988', '2021-07-08 20:46:01', 'Entrada', '2021-07-08', '14:46:01'),
(559, '1058', '2021-07-08 21:02:34', 'Entrada', '2021-07-08', '15:02:34'),
(560, '1855', '2021-07-08 21:03:04', 'Salida', '2021-07-08', '15:03:04'),
(561, '1644', '2021-07-08 21:08:03', 'Salida', '2021-07-08', '15:08:03'),
(562, '1702', '2021-07-08 21:59:21', 'Entrada', '2021-07-08', '15:59:21'),
(563, '1077', '2021-07-08 22:28:39', 'Salida', '2021-07-08', '16:28:39'),
(564, '1716', '2021-07-08 22:53:15', 'Entrada', '2021-07-08', '16:53:15'),
(565, '1114', '2021-07-08 23:08:11', 'Salida', '2021-07-08', '17:08:11'),
(566, '1114', '2021-07-08 23:08:11', 'Entrada', '2021-07-08', '17:08:11'),
(567, '1114', '2021-07-08 23:08:15', 'Salida', '2021-07-08', '17:08:15'),
(568, '989', '2021-07-08 23:10:41', 'Salida', '2021-07-08', '17:10:41'),
(569, '1364', '2021-07-08 23:10:47', 'Entrada', '2021-07-08', '17:10:47'),
(570, '1922', '2021-07-08 23:19:13', 'Salida', '2021-07-08', '17:19:13'),
(571, '444', '2021-07-08 23:22:39', 'Salida', '2021-07-08', '17:22:39'),
(572, '824', '2021-07-08 23:32:06', 'Salida', '2021-07-08', '17:32:06'),
(573, '30000', '2021-07-08 23:40:08', 'Entrada', '2021-07-08', '17:40:08'),
(574, '1896', '2021-07-08 23:44:01', 'Entrada', '2021-07-08', '17:44:01'),
(575, '1896', '2021-07-08 23:55:07', 'Salida', '2021-07-08', '17:55:07'),
(576, '116', '2021-07-09 00:00:59', 'Entrada', '2021-07-08', '18:00:59'),
(577, '1582', '2021-07-09 00:05:24', 'Salida', '2021-07-08', '18:05:24'),
(578, '110', '2021-07-09 00:06:29', 'Salida', '2021-07-08', '18:06:29'),
(579, '1843', '2021-07-09 00:08:04', 'Salida', '2021-07-08', '18:08:04'),
(580, '347', '2021-07-09 00:08:13', 'Salida', '2021-07-08', '18:08:13'),
(581, '25000', '2021-07-09 00:14:32', 'Salida', '2021-07-08', '18:14:32'),
(582, '935', '2021-07-09 00:19:24', 'Salida', '2021-07-08', '18:19:24'),
(583, '977', '2021-07-09 00:19:59', 'Salida', '2021-07-08', '18:19:59'),
(584, '12345', '2021-07-09 00:24:43', 'Entrada', '2021-07-08', '18:24:43'),
(585, '116', '2021-07-09 00:26:08', 'Salida', '2021-07-08', '18:26:08'),
(586, '1500', '2021-07-09 00:26:30', 'Salida', '2021-07-08', '18:26:30'),
(587, '176', '2021-07-09 00:26:34', 'Salida', '2021-07-08', '18:26:34'),
(588, '1596', '2021-07-09 00:27:26', 'Entrada', '2021-07-08', '18:27:26'),
(589, '2057', '2021-07-09 00:27:47', 'Salida', '2021-07-08', '18:27:47'),
(590, '1596', '2021-07-09 00:28:02', 'Salida', '2021-07-08', '18:28:02'),
(591, '1596', '2021-07-09 00:28:03', 'Entrada', '2021-07-08', '18:28:03'),
(592, '1916', '2021-07-09 00:28:42', 'Salida', '2021-07-08', '18:28:42'),
(593, '1942', '2021-07-09 00:30:35', 'Entrada', '2021-07-08', '18:30:35'),
(594, '1861', '2021-07-09 00:31:02', 'Salida', '2021-07-08', '18:31:02'),
(595, '1942', '2021-07-09 00:49:27', 'Salida', '2021-07-08', '18:49:27'),
(596, '30000', '2021-07-09 00:56:58', 'Salida', '2021-07-08', '18:56:58'),
(597, '1716', '2021-07-09 00:57:20', 'Salida', '2021-07-08', '18:57:20'),
(598, '1784', '2021-07-09 00:59:39', 'Salida', '2021-07-08', '18:59:39'),
(599, '574', '2021-07-09 01:00:34', 'Salida', '2021-07-08', '19:00:34'),
(600, '686', '2021-07-09 01:16:03', 'Salida', '2021-07-08', '19:16:03'),
(601, '1972', '2021-07-09 01:46:41', 'Salida', '2021-07-08', '19:46:41'),
(602, '1755', '2021-07-09 03:59:49', 'Salida', '2021-07-08', '21:59:49'),
(603, '1702', '2021-07-09 04:00:28', 'Salida', '2021-07-08', '22:00:28'),
(604, '1311', '2021-07-09 04:01:47', 'Salida', '2021-07-08', '22:01:47'),
(605, '1311', '2021-07-09 04:01:48', 'Entrada', '2021-07-08', '22:01:48'),
(606, '1652', '2021-07-09 04:02:06', 'Salida', '2021-07-08', '22:02:06'),
(607, '630', '2021-07-09 04:02:33', 'Entrada', '2021-07-08', '22:02:33'),
(608, '1438', '2021-07-09 04:02:56', 'Salida', '2021-07-08', '22:02:56'),
(609, '630', '2021-07-09 04:03:07', 'Salida', '2021-07-08', '22:03:07'),
(610, '1311', '2021-07-09 04:03:14', 'Salida', '2021-07-08', '22:03:14'),
(611, '1988', '2021-07-09 05:13:49', 'Salida', '2021-07-08', '23:13:49'),
(612, '1316', '2021-07-09 05:19:48', 'Salida', '2021-07-08', '23:19:48'),
(613, '1058', '2021-07-09 05:20:36', 'Salida', '2021-07-08', '23:20:36'),
(614, '2032', '2021-07-09 06:14:12', 'Salida', '2021-07-09', '00:14:12'),
(615, '1499', '2021-07-09 06:14:15', 'Salida', '2021-07-09', '00:14:15'),
(616, '1716', '2021-07-09 11:03:57', 'Entrada', '2021-07-09', '05:03:57'),
(617, '1077', '2021-07-09 11:10:38', 'Entrada', '2021-07-09', '05:10:38'),
(618, '977', '2021-07-09 11:20:46', 'Entrada', '2021-07-09', '05:20:46'),
(619, '989', '2021-07-09 11:38:15', 'Entrada', '2021-07-09', '05:38:15'),
(620, '824', '2021-07-09 11:42:37', 'Entrada', '2021-07-09', '05:42:37'),
(621, '1855', '2021-07-09 11:49:21', 'Entrada', '2021-07-09', '05:49:21'),
(622, '25000', '2021-07-09 11:49:47', 'Entrada', '2021-07-09', '05:49:47'),
(623, '1702', '2021-07-09 11:57:35', 'Entrada', '2021-07-09', '05:57:35'),
(624, '1311', '2021-07-09 11:57:45', 'Entrada', '2021-07-09', '05:57:45'),
(625, '1311', '2021-07-09 11:57:47', 'Salida', '2021-07-09', '05:57:47'),
(626, '1311', '2021-07-09 11:57:54', 'Entrada', '2021-07-09', '05:57:54'),
(627, '1311', '2021-07-09 11:57:56', 'Salida', '2021-07-09', '05:57:56'),
(628, '686', '2021-07-09 12:26:07', 'Entrada', '2021-07-09', '06:26:07'),
(629, '1644', '2021-07-09 12:43:26', 'Entrada', '2021-07-09', '06:43:26'),
(630, '2032', '2021-07-09 12:53:59', 'Entrada', '2021-07-09', '06:53:59'),
(631, '824', '2021-07-09 12:57:09', 'Salida', '2021-07-09', '06:57:09'),
(632, '444', '2021-07-09 12:58:47', 'Entrada', '2021-07-09', '06:58:47'),
(633, '1562', '2021-07-09 13:04:56', 'Salida', '2021-07-09', '07:04:56'),
(634, '347', '2021-07-09 13:09:46', 'Entrada', '2021-07-09', '07:09:46'),
(635, '1500', '2021-07-09 13:12:51', 'Entrada', '2021-07-09', '07:12:51'),
(636, '574', '2021-07-09 13:16:57', 'Entrada', '2021-07-09', '07:16:57'),
(637, '2057', '2021-07-09 13:38:34', 'Entrada', '2021-07-09', '07:38:34'),
(638, '1364', '2021-07-09 13:45:19', 'Salida', '2021-07-09', '07:45:19'),
(639, '30000', '2021-07-09 13:45:42', 'Entrada', '2021-07-09', '07:45:42'),
(640, '1861', '2021-07-09 13:46:24', 'Entrada', '2021-07-09', '07:46:24'),
(641, '1861', '2021-07-09 13:46:25', 'Salida', '2021-07-09', '07:46:25'),
(642, '1942', '2021-07-09 13:47:51', 'Entrada', '2021-07-09', '07:47:51'),
(643, '110', '2021-07-09 13:48:15', 'Entrada', '2021-07-09', '07:48:15'),
(644, '2022', '2021-07-09 13:50:27', 'Salida', '2021-07-09', '07:50:27'),
(645, '176', '2021-07-09 13:53:13', 'Entrada', '2021-07-09', '07:53:13'),
(646, '1582', '2021-07-09 13:55:41', 'Entrada', '2021-07-09', '07:55:41'),
(647, '1916', '2021-07-09 13:55:48', 'Entrada', '2021-07-09', '07:55:48'),
(648, '1825', '2021-07-09 13:58:45', 'Salida', '2021-07-09', '07:58:45'),
(649, '1825', '2021-07-09 13:58:49', 'Entrada', '2021-07-09', '07:58:49'),
(650, '1922', '2021-07-09 13:59:45', 'Entrada', '2021-07-09', '07:59:45'),
(651, '12345', '2021-07-09 14:00:25', 'Salida', '2021-07-09', '08:00:25'),
(652, '1114', '2021-07-09 14:02:04', 'Entrada', '2021-07-09', '08:02:04'),
(653, '1896', '2021-07-09 14:02:54', 'Entrada', '2021-07-09', '08:02:54'),
(654, '1499', '2021-07-09 14:04:11', 'Entrada', '2021-07-09', '08:04:11'),
(655, '116', '2021-07-09 14:05:06', 'Entrada', '2021-07-09', '08:05:06'),
(656, '1470', '2021-07-09 14:05:30', 'Entrada', '2021-07-09', '08:05:30'),
(657, '1896', '2021-07-09 14:07:44', 'Salida', '2021-07-09', '08:07:44'),
(658, '1316', '2021-07-09 14:10:09', 'Entrada', '2021-07-09', '08:10:09'),
(659, '1972', '2021-07-09 14:15:34', 'Entrada', '2021-07-09', '08:15:34'),
(660, '935', '2021-07-09 14:30:18', 'Entrada', '2021-07-09', '08:30:18'),
(661, '116', '2021-07-09 14:47:46', 'Salida', '2021-07-09', '08:47:46'),
(662, '1942', '2021-07-09 14:49:08', 'Salida', '2021-07-09', '08:49:08'),
(663, '1896', '2021-07-09 15:05:03', 'Entrada', '2021-07-09', '09:05:03'),
(664, '1843', '2021-07-09 15:09:55', 'Entrada', '2021-07-09', '09:09:55'),
(665, '1896', '2021-07-09 15:21:23', 'Salida', '2021-07-09', '09:21:23'),
(666, '30000', '2021-07-09 15:24:37', 'Salida', '2021-07-09', '09:24:37'),
(667, '1562', '2021-07-09 15:24:44', 'Entrada', '2021-07-09', '09:24:44'),
(668, '977', '2021-07-09 15:29:09', 'Salida', '2021-07-09', '09:29:09'),
(669, '977', '2021-07-09 15:29:14', 'Entrada', '2021-07-09', '09:29:14'),
(670, '1652', '2021-07-09 15:42:52', 'Entrada', '2021-07-09', '09:42:52'),
(671, '824', '2021-07-09 15:48:50', 'Entrada', '2021-07-09', '09:48:50'),
(672, '444', '2021-07-09 16:57:53', 'Salida', '2021-07-09', '10:57:53'),
(673, '1922', '2021-07-09 18:12:52', 'Salida', '2021-07-09', '12:12:52'),
(674, '1755', '2021-07-09 18:36:45', 'Entrada', '2021-07-09', '12:36:45'),
(675, '1311', '2021-07-09 18:44:08', 'Entrada', '2021-07-09', '12:44:08'),
(676, '1311', '2021-07-09 18:44:11', 'Salida', '2021-07-09', '12:44:11'),
(677, '1784', '2021-07-09 18:45:22', 'Entrada', '2021-07-09', '12:45:22'),
(678, '630', '2021-07-09 18:46:07', 'Entrada', '2021-07-09', '12:46:07'),
(679, '1438', '2021-07-09 18:48:46', 'Entrada', '2021-07-09', '12:48:46'),
(680, '1438', '2021-07-09 18:48:54', 'Salida', '2021-07-09', '12:48:54'),
(681, '1438', '2021-07-09 18:48:58', 'Entrada', '2021-07-09', '12:48:58'),
(682, '116', '2021-07-09 18:52:16', 'Entrada', '2021-07-09', '12:52:16'),
(683, '30000', '2021-07-09 18:58:53', 'Entrada', '2021-07-09', '12:58:53'),
(684, '1562', '2021-07-09 18:58:56', 'Salida', '2021-07-09', '12:58:56'),
(685, '116', '2021-07-09 19:00:20', 'Salida', '2021-07-09', '13:00:20'),
(686, '824', '2021-07-09 19:34:13', 'Salida', '2021-07-09', '13:34:13'),
(687, '1761', '2021-07-09 20:11:01', 'Entrada', '2021-07-09', '14:11:01'),
(688, '452', '2021-07-09 20:33:10', 'Entrada', '2021-07-09', '14:33:10'),
(689, '124', '2021-07-09 20:34:11', 'Salida', '2021-07-09', '14:34:11'),
(690, '124', '2021-07-09 20:34:32', 'Entrada', '2021-07-09', '14:34:32'),
(691, '1988', '2021-07-09 20:55:33', 'Entrada', '2021-07-09', '14:55:33'),
(692, '1058', '2021-07-09 20:57:23', 'Entrada', '2021-07-09', '14:57:23'),
(693, '444', '2021-07-09 21:08:59', 'Entrada', '2021-07-09', '15:08:59'),
(694, '824', '2021-07-09 21:51:39', 'Entrada', '2021-07-09', '15:51:39'),
(695, '25000', '2021-07-09 21:52:50', 'Salida', '2021-07-09', '15:52:50'),
(696, '824', '2021-07-09 22:16:31', 'Salida', '2021-07-09', '16:16:31'),
(697, '1702', '2021-07-09 22:23:01', 'Salida', '2021-07-09', '16:23:01'),
(698, '116', '2021-07-09 22:24:59', 'Entrada', '2021-07-09', '16:24:59'),
(699, '1855', '2021-07-09 22:59:31', 'Salida', '2021-07-09', '16:59:31'),
(700, '1942', '2021-07-09 23:04:41', 'Entrada', '2021-07-09', '17:04:41'),
(701, '1114', '2021-07-09 23:05:28', 'Salida', '2021-07-09', '17:05:28'),
(702, '1582', '2021-07-09 23:05:38', 'Salida', '2021-07-09', '17:05:38'),
(703, '110', '2021-07-09 23:06:37', 'Salida', '2021-07-09', '17:06:37'),
(704, '452', '2021-07-09 23:07:25', 'Salida', '2021-07-09', '17:07:25'),
(705, '1761', '2021-07-09 23:08:35', 'Salida', '2021-07-09', '17:08:35'),
(706, '989', '2021-07-09 23:12:32', 'Salida', '2021-07-09', '17:12:32'),
(707, '1972', '2021-07-09 23:12:55', 'Salida', '2021-07-09', '17:12:55'),
(708, '30000', '2021-07-09 23:15:18', 'Salida', '2021-07-09', '17:15:18'),
(709, '1644', '2021-07-09 23:16:04', 'Salida', '2021-07-09', '17:16:04'),
(710, '1077', '2021-07-09 23:19:15', 'Salida', '2021-07-09', '17:19:15'),
(711, '1077', '2021-07-09 23:19:37', 'Entrada', '2021-07-09', '17:19:37'),
(712, '1077', '2021-07-09 23:19:44', 'Salida', '2021-07-09', '17:19:44'),
(713, '116', '2021-07-09 23:20:23', 'Salida', '2021-07-09', '17:20:23'),
(714, '12345', '2021-07-09 23:20:34', 'Entrada', '2021-07-09', '17:20:34'),
(715, '1562', '2021-07-09 23:22:51', 'Entrada', '2021-07-09', '17:22:51'),
(716, '124', '2021-07-09 23:23:07', 'Salida', '2021-07-09', '17:23:07'),
(717, '1761', '2021-07-09 23:24:00', 'Entrada', '2021-07-09', '17:24:00'),
(718, '1470', '2021-07-09 23:26:13', 'Salida', '2021-07-09', '17:26:13'),
(719, '1942', '2021-07-09 23:26:47', 'Salida', '2021-07-09', '17:26:47'),
(720, '1916', '2021-07-09 23:26:59', 'Salida', '2021-07-09', '17:26:59'),
(721, '1843', '2021-07-09 23:30:36', 'Salida', '2021-07-09', '17:30:36'),
(722, '347', '2021-07-09 23:31:09', 'Salida', '2021-07-09', '17:31:09'),
(723, '347', '2021-07-09 23:31:09', 'Entrada', '2021-07-09', '17:31:09'),
(724, '1896', '2021-07-09 23:33:13', 'Entrada', '2021-07-09', '17:33:13'),
(725, '1896', '2021-07-09 23:41:00', 'Salida', '2021-07-09', '17:41:00'),
(726, '1861', '2021-07-09 23:51:09', 'Entrada', '2021-07-09', '17:51:09'),
(727, '1861', '2021-07-09 23:51:13', 'Salida', '2021-07-09', '17:51:13'),
(728, '1761', '2021-07-10 00:04:52', 'Salida', '2021-07-09', '18:04:52'),
(729, '686', '2021-07-10 00:09:47', 'Salida', '2021-07-09', '18:09:47'),
(730, '935', '2021-07-10 00:14:31', 'Salida', '2021-07-09', '18:14:31'),
(731, '2057', '2021-07-10 00:20:10', 'Salida', '2021-07-09', '18:20:10'),
(732, '176', '2021-07-10 00:37:10', 'Salida', '2021-07-09', '18:37:10'),
(733, '1500', '2021-07-10 00:37:15', 'Salida', '2021-07-09', '18:37:15'),
(734, '574', '2021-07-10 00:59:04', 'Salida', '2021-07-09', '18:59:04'),
(735, '1364', '2021-07-10 01:31:11', 'Entrada', '2021-07-09', '19:31:11'),
(736, '1716', '2021-07-10 02:07:14', 'Salida', '2021-07-09', '20:07:14'),
(737, '444', '2021-07-10 02:40:17', 'Salida', '2021-07-09', '20:40:17'),
(738, '1438', '2021-07-10 03:04:21', 'Salida', '2021-07-09', '21:04:21'),
(739, '1652', '2021-07-10 03:12:46', 'Salida', '2021-07-09', '21:12:46'),
(740, '1784', '2021-07-10 03:13:24', 'Salida', '2021-07-09', '21:13:24'),
(741, '2032', '2021-07-10 03:13:35', 'Salida', '2021-07-09', '21:13:35'),
(742, '1755', '2021-07-10 03:18:36', 'Salida', '2021-07-09', '21:18:36'),
(743, '630', '2021-07-10 03:23:50', 'Salida', '2021-07-09', '21:23:50'),
(744, '1988', '2021-07-10 05:01:13', 'Salida', '2021-07-09', '23:01:13'),
(745, '1316', '2021-07-10 05:01:47', 'Salida', '2021-07-09', '23:01:47'),
(746, '1058', '2021-07-10 05:02:57', 'Salida', '2021-07-09', '23:02:57'),
(747, '2022', '2021-07-10 05:08:18', 'Entrada', '2021-07-09', '23:08:18'),
(748, '2022', '2021-07-10 05:08:27', 'Salida', '2021-07-09', '23:08:27'),
(749, '1499', '2021-07-10 05:11:34', 'Salida', '2021-07-09', '23:11:34'),
(750, '1364', '2021-07-10 11:08:38', 'Salida', '2021-07-10', '05:08:38'),
(751, '1755', '2021-07-10 11:40:45', 'Entrada', '2021-07-10', '05:40:45'),
(752, '1855', '2021-07-10 11:41:08', 'Entrada', '2021-07-10', '05:41:08'),
(753, '25000', '2021-07-10 11:41:52', 'Entrada', '2021-07-10', '05:41:52'),
(754, '574', '2021-07-10 11:43:06', 'Entrada', '2021-07-10', '05:43:06'),
(755, '1438', '2021-07-10 11:49:40', 'Entrada', '2021-07-10', '05:49:40'),
(756, '1562', '2021-07-10 12:42:29', 'Salida', '2021-07-10', '06:42:29'),
(757, '1644', '2021-07-10 12:42:55', 'Entrada', '2021-07-10', '06:42:55'),
(758, '1408', '2021-07-10 12:48:11', 'Entrada', '2021-07-10', '06:48:11'),
(759, '1408', '2021-07-10 12:48:20', 'Salida', '2021-07-10', '06:48:20'),
(760, '2022', '2021-07-10 13:25:37', 'Entrada', '2021-07-10', '07:25:37'),
(761, '30000', '2021-07-10 13:27:33', 'Entrada', '2021-07-10', '07:27:33'),
(762, '452', '2021-07-10 13:28:53', 'Entrada', '2021-07-10', '07:28:53'),
(763, '124', '2021-07-10 13:29:03', 'Entrada', '2021-07-10', '07:29:03'),
(764, '1972', '2021-07-10 13:30:42', 'Entrada', '2021-07-10', '07:30:42'),
(765, '2057', '2021-07-10 13:31:33', 'Entrada', '2021-07-10', '07:31:33'),
(766, '1114', '2021-07-10 13:43:10', 'Entrada', '2021-07-10', '07:43:10'),
(767, '1916', '2021-07-10 13:43:16', 'Entrada', '2021-07-10', '07:43:16'),
(768, '347', '2021-07-13 15:08:47', 'Entrada', '2021-07-10', '07:44:27'),
(769, '989', '2021-07-10 13:46:18', 'Entrada', '2021-07-10', '07:46:18'),
(770, '1443', '2021-07-10 13:48:36', 'Entrada', '2021-07-10', '07:48:36'),
(771, '686', '2021-07-10 13:57:19', 'Entrada', '2021-07-10', '07:57:19'),
(772, '1942', '2021-07-10 14:00:01', 'Entrada', '2021-07-10', '08:00:01'),
(773, '1499', '2021-07-10 14:02:25', 'Entrada', '2021-07-10', '08:02:25'),
(774, '1499', '2021-07-10 14:02:26', 'Salida', '2021-07-10', '08:02:26'),
(775, '2032', '2021-07-10 14:07:27', 'Entrada', '2021-07-10', '08:07:27'),
(776, '1716', '2021-07-10 14:16:50', 'Entrada', '2021-07-10', '08:16:50'),
(777, '1861', '2021-07-10 14:35:41', 'Entrada', '2021-07-10', '08:35:41'),
(778, '444', '2021-07-10 15:17:27', 'Entrada', '2021-07-10', '09:17:27'),
(779, '977', '2021-07-10 22:33:18', 'Salida', '2021-07-10', '16:33:18'),
(780, '977', '2021-07-10 22:33:25', 'Entrada', '2021-07-10', '16:33:25'),
(781, '1972', '2021-07-10 23:07:31', 'Salida', '2021-07-10', '17:07:31'),
(782, '1443', '2021-07-10 23:07:49', 'Salida', '2021-07-10', '17:07:49'),
(783, '574', '2021-07-10 23:12:29', 'Salida', '2021-07-10', '17:12:29'),
(784, '977', '2021-07-10 23:58:16', 'Salida', '2021-07-10', '17:58:16'),
(785, '1716', '2021-07-11 00:02:45', 'Salida', '2021-07-10', '18:02:45'),
(786, '977', '2021-07-12 17:12:26', 'Entrada', '2021-07-12', '11:12:26'),
(787, '935', '2021-07-12 18:22:33', 'Entrada', '2021-07-12', '12:22:33'),
(788, '935', '2021-07-12 18:31:25', 'Salida', '2021-07-12', '12:31:25'),
(789, '977', '2021-07-12 18:33:09', 'Salida', '2021-07-12', '12:33:09'),
(790, '977', '2021-07-12 18:33:17', 'Entrada', '2021-07-12', '12:33:17'),
(791, '1438', '2021-07-12 18:47:39', 'Salida', '2021-07-12', '12:47:39'),
(792, '1438', '2021-07-12 18:47:55', 'Entrada', '2021-07-12', '12:47:55'),
(793, '1784', '2021-07-12 18:49:48', 'Entrada', '2021-07-12', '12:49:48'),
(794, '1702', '2021-07-12 19:02:19', 'Entrada', '2021-07-12', '13:02:19'),
(795, '824', '2021-07-12 19:34:28', 'Entrada', '2021-07-12', '13:34:28'),
(796, '1690', '2021-07-12 20:21:51', 'Entrada', '2021-07-12', '14:21:51'),
(797, '12345', '2021-07-12 20:23:11', 'Salida', '2021-07-12', '14:23:11'),
(798, '12345', '2021-07-12 20:23:23', 'Entrada', '2021-07-12', '14:23:23'),
(799, '977', '2021-07-12 20:36:09', 'Salida', '2021-07-12', '14:36:09'),
(800, '977', '2021-07-12 20:36:13', 'Entrada', '2021-07-12', '14:36:13'),
(801, '1058', '2021-07-12 20:56:09', 'Entrada', '2021-07-12', '14:56:09'),
(802, '444', '2021-07-12 20:58:50', 'Salida', '2021-07-12', '14:58:50'),
(803, '444', '2021-07-12 20:59:00', 'Entrada', '2021-07-12', '14:59:00'),
(804, '1988', '2021-07-12 21:13:05', 'Entrada', '2021-07-12', '15:13:05'),
(805, '1644', '2021-07-12 21:14:29', 'Salida', '2021-07-12', '15:14:29'),
(806, '1755', '2021-07-12 21:27:30', 'Salida', '2021-07-12', '15:27:30'),
(807, '630', '2021-07-12 21:44:23', 'Entrada', '2021-07-12', '15:44:23'),
(808, '1652', '2021-07-12 21:56:58', 'Entrada', '2021-07-12', '15:56:58'),
(809, '824', '2021-07-12 22:04:08', 'Salida', '2021-07-12', '16:04:08'),
(810, '1311', '2021-07-12 22:20:45', 'Entrada', '2021-07-12', '16:20:45'),
(811, '1311', '2021-07-12 22:21:10', 'Salida', '2021-07-12', '16:21:10'),
(812, '116', '2021-07-12 22:35:11', 'Entrada', '2021-07-12', '16:35:11'),
(813, '1942', '2021-07-12 22:50:35', 'Salida', '2021-07-12', '16:50:35'),
(814, '1855', '2021-07-12 23:02:55', 'Salida', '2021-07-12', '17:02:55'),
(815, '989', '2021-07-12 23:04:52', 'Salida', '2021-07-12', '17:04:52'),
(816, '1499', '2021-07-12 23:08:08', 'Entrada', '2021-07-12', '17:08:08'),
(817, '2032', '2021-07-12 23:09:02', 'Salida', '2021-07-12', '17:09:02'),
(818, '452', '2021-07-12 23:11:58', 'Salida', '2021-07-12', '17:11:58'),
(819, '824', '2021-07-12 23:12:43', 'Entrada', '2021-07-12', '17:12:43'),
(820, '824', '2021-07-12 23:12:51', 'Salida', '2021-07-12', '17:12:51'),
(821, '1942', '2021-07-12 23:16:21', 'Entrada', '2021-07-12', '17:16:21'),
(822, '1922', '2021-07-13 15:22:36', 'Entrada', '2021-07-12', '07:50:00'),
(823, '1922', '2021-07-12 23:16:51', 'Salida', '2021-07-12', '17:16:51'),
(824, '30000', '2021-07-12 23:17:32', 'Salida', '2021-07-12', '17:17:32'),
(825, '25000', '2021-07-12 23:18:59', 'Salida', '2021-07-12', '17:18:59'),
(826, '1562', '2021-07-12 23:19:17', 'Entrada', '2021-07-12', '17:19:17'),
(827, '124', '2021-07-12 23:22:58', 'Salida', '2021-07-12', '17:22:58'),
(828, '110', '2021-07-13 00:03:34', 'Entrada', '2021-07-12', '18:03:34'),
(829, '1582', '2021-07-13 00:03:41', 'Entrada', '2021-07-12', '18:03:41'),
(830, '574', '2021-07-13 00:08:52', 'Entrada', '2021-07-12', '18:08:52'),
(831, '935', '2021-07-13 00:26:41', 'Entrada', '2021-07-12', '18:26:41'),
(832, '2038', '2021-07-13 15:29:51', 'Entrada', '2021-07-12', '06:40:59'),
(833, '2038', '2021-07-13 00:29:02', 'Salida', '2021-07-12', '18:29:02'),
(834, '1843', '2021-07-13 00:31:00', 'Entrada', '2021-07-12', '18:31:00'),
(835, '1077', '2021-07-13 00:31:16', 'Entrada', '2021-07-12', '18:31:16'),
(836, '1077', '2021-07-13 00:31:17', 'Salida', '2021-07-12', '18:31:17'),
(837, '1077', '2021-07-13 00:31:26', 'Entrada', '2021-07-12', '18:31:26'),
(838, '1077', '2021-07-13 00:31:27', 'Salida', '2021-07-12', '18:31:27'),
(839, '1077', '2021-07-13 00:31:28', 'Entrada', '2021-07-12', '18:31:28'),
(840, '347', '2021-07-13 00:31:50', 'Entrada', '2021-07-12', '18:31:50'),
(841, '347', '2021-07-13 00:32:08', 'Salida', '2021-07-12', '18:32:08'),
(842, '12345', '2021-07-13 00:32:57', 'Salida', '2021-07-12', '18:32:57'),
(843, '12345', '2021-07-13 00:32:59', 'Entrada', '2021-07-12', '18:32:59'),
(844, '1500', '2021-07-13 00:47:28', 'Entrada', '2021-07-12', '18:47:28'),
(845, '1596', '2021-07-13 00:47:34', 'Salida', '2021-07-12', '18:47:34'),
(846, '1761', '2021-07-13 00:48:29', 'Entrada', '2021-07-12', '18:48:29'),
(847, '977', '2021-07-13 00:55:31', 'Salida', '2021-07-12', '18:55:31'),
(848, '1316', '2021-07-13 00:55:43', 'Entrada', '2021-07-12', '18:55:43'),
(849, '1316', '2021-07-13 00:55:46', 'Salida', '2021-07-12', '18:55:46'),
(850, '1916', '2021-07-13 00:56:51', 'Salida', '2021-07-12', '18:56:51'),
(851, '1408', '2021-07-13 00:56:56', 'Entrada', '2021-07-12', '18:56:56'),
(852, '176', '2021-07-13 00:57:00', 'Entrada', '2021-07-12', '18:57:00'),
(853, '1470', '2021-07-13 00:58:05', 'Entrada', '2021-07-12', '18:58:05'),
(854, '686', '2021-07-13 01:00:33', 'Salida', '2021-07-12', '19:00:33'),
(855, '116', '2021-07-13 01:03:00', 'Salida', '2021-07-12', '19:03:00'),
(856, '1716', '2021-07-13 01:03:12', 'Entrada', '2021-07-12', '19:03:12'),
(857, '1972', '2021-07-13 01:18:14', 'Entrada', '2021-07-12', '19:18:14'),
(858, '1972', '2021-07-13 01:18:18', 'Salida', '2021-07-12', '19:18:18'),
(859, '2057', '2021-07-13 01:23:49', 'Salida', '2021-07-12', '19:23:49'),
(860, '444', '2021-07-13 02:35:07', 'Salida', '2021-07-12', '20:35:07'),
(861, '1690', '2021-07-13 02:41:54', 'Salida', '2021-07-12', '20:41:54'),
(862, '1988', '2021-07-13 02:42:00', 'Salida', '2021-07-12', '20:42:00'),
(863, '1652', '2021-07-13 02:47:34', 'Salida', '2021-07-12', '20:47:34'),
(864, '630', '2021-07-13 02:53:10', 'Salida', '2021-07-12', '20:53:10'),
(865, '1058', '2021-07-13 02:54:08', 'Salida', '2021-07-12', '20:54:08'),
(866, '1702', '2021-07-13 03:04:27', 'Salida', '2021-07-12', '21:04:27'),
(867, '1784', '2021-07-13 03:05:23', 'Salida', '2021-07-12', '21:05:23'),
(868, '1438', '2021-07-13 03:05:34', 'Salida', '2021-07-12', '21:05:34'),
(869, '1716', '2021-07-13 11:09:50', 'Salida', '2021-07-13', '05:09:50'),
(870, '1716', '2021-07-13 11:10:05', 'Entrada', '2021-07-13', '05:10:05'),
(871, '1077', '2021-07-13 11:13:11', 'Salida', '2021-07-13', '05:13:11'),
(872, '1644', '2021-07-13 11:20:49', 'Entrada', '2021-07-13', '05:20:49'),
(873, '1855', '2021-07-13 11:33:21', 'Entrada', '2021-07-13', '05:33:21'),
(874, '1755', '2021-07-13 11:48:58', 'Entrada', '2021-07-13', '05:48:58'),
(875, '1311', '2021-07-13 11:58:07', 'Entrada', '2021-07-13', '05:58:07'),
(876, '686', '2021-07-13 12:06:14', 'Entrada', '2021-07-13', '06:06:14'),
(877, '444', '2021-07-13 12:17:15', 'Entrada', '2021-07-13', '06:17:15'),
(878, '452', '2021-07-13 12:25:14', 'Entrada', '2021-07-13', '06:25:14'),
(879, '1843', '2021-07-13 13:00:34', 'Salida', '2021-07-13', '07:00:34'),
(880, '977', '2021-07-13 13:04:17', 'Entrada', '2021-07-13', '07:04:17'),
(881, '1916', '2021-07-13 13:05:59', 'Entrada', '2021-07-13', '07:05:59'),
(882, '1408', '2021-07-13 13:07:30', 'Salida', '2021-07-13', '07:07:30'),
(883, '1562', '2021-07-13 13:13:01', 'Salida', '2021-07-13', '07:13:01'),
(884, '574', '2021-07-13 13:18:37', 'Salida', '2021-07-13', '07:18:37'),
(885, '1500', '2021-07-13 13:25:29', 'Salida', '2021-07-13', '07:25:29'),
(886, '2057', '2021-07-13 13:29:21', 'Entrada', '2021-07-13', '07:29:21'),
(887, '124', '2021-07-13 13:34:03', 'Entrada', '2021-07-13', '07:34:03'),
(888, '25000', '2021-07-13 13:34:56', 'Entrada', '2021-07-13', '07:34:56'),
(889, '110', '2021-07-13 13:37:56', 'Salida', '2021-07-13', '07:37:56'),
(890, '1861', '2021-07-13 13:39:12', 'Salida', '2021-07-13', '07:39:12'),
(891, '1942', '2021-07-13 13:39:23', 'Salida', '2021-07-13', '07:39:23'),
(892, '1942', '2021-07-13 13:39:55', 'Entrada', '2021-07-13', '07:39:55'),
(893, '1861', '2021-07-13 13:40:04', 'Entrada', '2021-07-13', '07:40:04'),
(894, '176', '2021-07-13 13:41:59', 'Salida', '2021-07-13', '07:41:59'),
(895, '176', '2021-07-13 13:42:12', 'Entrada', '2021-07-13', '07:42:12'),
(896, '629', '2021-07-13 13:43:58', 'Entrada', '2021-07-13', '07:43:58'),
(897, '1582', '2021-07-13 13:44:29', 'Salida', '2021-07-13', '07:44:29'),
(898, '30000', '2021-07-13 13:49:06', 'Entrada', '2021-07-13', '07:49:06'),
(899, '1896', '2021-07-13 13:52:02', 'Entrada', '2021-07-13', '07:52:02'),
(900, '989', '2021-07-13 13:52:11', 'Entrada', '2021-07-13', '07:52:11'),
(901, '1972', '2021-07-13 13:53:08', 'Entrada', '2021-07-13', '07:53:08'),
(902, '824', '2021-07-13 13:53:12', 'Entrada', '2021-07-13', '07:53:12'),
(903, '347', '2021-07-13 13:53:18', 'Entrada', '2021-07-13', '07:53:18'),
(904, '1364', '2021-07-13 13:53:30', 'Entrada', '2021-07-13', '07:53:30'),
(905, '12345', '2021-07-13 13:53:50', 'Salida', '2021-07-13', '07:53:50'),
(906, '12345', '2021-07-13 13:53:55', 'Entrada', '2021-07-13', '07:53:55'),
(907, '1596', '2021-07-13 13:55:40', 'Entrada', '2021-07-13', '07:55:40'),
(908, '1825', '2021-07-13 14:00:20', 'Salida', '2021-07-13', '08:00:20'),
(909, '1825', '2021-07-13 14:00:36', 'Entrada', '2021-07-13', '08:00:36'),
(910, '2032', '2021-07-13 14:01:17', 'Entrada', '2021-07-13', '08:01:17'),
(911, '1316', '2021-07-13 14:03:44', 'Entrada', '2021-07-13', '08:03:44'),
(912, '116', '2021-07-13 14:04:09', 'Entrada', '2021-07-13', '08:04:09'),
(913, '1443', '2021-07-13 14:04:18', 'Entrada', '2021-07-13', '08:04:18'),
(914, '2038', '2021-07-13 14:04:30', 'Entrada', '2021-07-13', '08:04:30'),
(915, '1114', '2021-07-13 14:04:52', 'Salida', '2021-07-13', '08:04:52'),
(916, '1499', '2021-07-13 14:05:50', 'Salida', '2021-07-13', '08:05:50'),
(917, '1470', '2021-07-13 14:05:59', 'Salida', '2021-07-13', '08:05:59'),
(918, '1922', '2021-07-13 15:23:18', 'Entrada', '2021-07-13', '07:58:13'),
(919, '935', '2021-07-13 14:11:21', 'Salida', '2021-07-13', '08:11:21'),
(920, '452', '2021-07-13 14:24:10', 'Salida', '2021-07-13', '08:24:10'),
(921, '1942', '2021-07-13 14:24:24', 'Salida', '2021-07-13', '08:24:24'),
(922, '1896', '2021-07-13 14:33:55', 'Salida', '2021-07-13', '08:33:55'),
(923, '116', '2021-07-13 14:34:05', 'Salida', '2021-07-13', '08:34:05'),
(924, '347', '2021-07-13 15:10:37', 'Salida', '2021-07-10', '15:00:00'),
(925, '1916', '2021-07-13 15:12:57', 'Salida', '2021-07-10', '15:30:00'),
(926, '629', '2021-07-13 15:27:04', 'Entrada', '2021-07-12', '07:40:00'),
(927, '1896', '2021-07-13 15:47:20', 'Entrada', '2021-07-13', '09:47:20'),
(928, '1896', '2021-07-13 15:49:10', 'Salida', '2021-07-13', '09:49:10'),
(929, '444', '2021-07-13 17:26:27', 'Salida', '2021-07-13', '11:26:27'),
(930, '12345', '2021-07-13 18:05:24', 'Salida', '2021-07-13', '12:05:24'),
(931, '116', '2021-07-13 18:16:49', 'Entrada', '2021-07-13', '12:16:49'),
(932, '1438', '2021-07-13 18:41:35', 'Entrada', '2021-07-13', '12:41:35'),
(933, '1652', '2021-07-13 18:45:57', 'Entrada', '2021-07-13', '12:45:57'),
(934, '630', '2021-07-13 18:48:55', 'Entrada', '2021-07-13', '12:48:55'),
(935, '1702', '2021-07-13 18:55:15', 'Entrada', '2021-07-13', '12:55:15'),
(936, '116', '2021-07-13 19:41:56', 'Salida', '2021-07-13', '13:41:56'),
(937, '1690', '2021-07-13 20:53:05', 'Entrada', '2021-07-13', '14:53:05'),
(938, '1058', '2021-07-13 20:55:09', 'Entrada', '2021-07-13', '14:55:09'),
(939, '1988', '2021-07-13 20:57:50', 'Entrada', '2021-07-13', '14:57:50'),
(940, '1644', '2021-07-13 21:12:10', 'Salida', '2021-07-13', '15:12:10'),
(941, '1755', '2021-07-13 21:37:48', 'Salida', '2021-07-13', '15:37:48'),
(942, '824', '2021-07-13 21:40:17', 'Salida', '2021-07-13', '15:40:17'),
(943, '444', '2021-07-13 21:48:38', 'Entrada', '2021-07-13', '15:48:38'),
(944, '452', '2021-07-13 22:58:32', 'Entrada', '2021-07-13', '16:58:32'),
(945, '1942', '2021-07-13 22:59:49', 'Entrada', '2021-07-13', '16:59:49'),
(946, '1855', '2021-07-13 23:01:41', 'Salida', '2021-07-13', '17:01:41'),
(947, '1582', '2021-07-13 23:02:35', 'Entrada', '2021-07-13', '17:02:35'),
(948, '989', '2021-07-13 23:08:22', 'Salida', '2021-07-13', '17:08:22'),
(949, '30000', '2021-07-13 23:10:21', 'Salida', '2021-07-13', '17:10:21'),
(950, '1364', '2021-07-13 23:10:28', 'Salida', '2021-07-13', '17:10:28'),
(951, '1922', '2021-07-13 23:11:24', 'Salida', '2021-07-13', '17:11:24'),
(952, '452', '2021-07-13 23:11:48', 'Salida', '2021-07-13', '17:11:48'),
(953, '824', '2021-07-13 23:13:19', 'Entrada', '2021-07-13', '17:13:19'),
(954, '1942', '2021-07-13 23:17:38', 'Salida', '2021-07-13', '17:17:38'),
(955, '1562', '2021-07-13 23:19:02', 'Entrada', '2021-07-13', '17:19:02'),
(956, '124', '2021-07-13 23:19:22', 'Salida', '2021-07-13', '17:19:22'),
(957, '1716', '2021-07-13 23:23:45', 'Salida', '2021-07-13', '17:23:45'),
(958, '25000', '2021-07-13 23:24:16', 'Salida', '2021-07-13', '17:24:16'),
(959, '1896', '2021-07-13 23:26:22', 'Entrada', '2021-07-13', '17:26:22'),
(960, '824', '2021-07-13 23:31:21', 'Salida', '2021-07-13', '17:31:21'),
(961, '1896', '2021-07-13 23:35:37', 'Salida', '2021-07-13', '17:35:37'),
(962, '1077', '2021-07-13 23:39:02', 'Entrada', '2021-07-13', '17:39:02'),
(963, '1077', '2021-07-13 23:39:04', 'Salida', '2021-07-13', '17:39:04'),
(964, '1077', '2021-07-13 23:39:20', 'Entrada', '2021-07-13', '17:39:20'),
(965, '116', '2021-07-13 23:40:19', 'Entrada', '2021-07-13', '17:40:19'),
(966, '574', '2021-07-14 00:05:17', 'Entrada', '2021-07-13', '18:05:17'),
(967, '935', '2021-07-14 00:06:46', 'Entrada', '2021-07-13', '18:06:46'),
(968, '935', '2021-07-14 00:07:03', 'Salida', '2021-07-13', '18:07:03'),
(969, '1114', '2021-07-14 00:07:37', 'Entrada', '2021-07-13', '18:07:37'),
(970, '1114', '2021-07-14 00:07:45', 'Salida', '2021-07-13', '18:07:45'),
(971, '347', '2021-07-14 00:08:07', 'Entrada', '2021-07-13', '18:08:07'),
(972, '347', '2021-07-14 00:08:13', 'Salida', '2021-07-13', '18:08:13'),
(973, '110', '2021-07-14 00:09:47', 'Entrada', '2021-07-13', '18:09:47'),
(974, '116', '2021-07-14 00:12:55', 'Salida', '2021-07-13', '18:12:55'),
(975, '629', '2021-07-14 00:18:18', 'Entrada', '2021-07-13', '18:18:18'),
(976, '1311', '2021-07-14 00:18:48', 'Salida', '2021-07-13', '18:18:48'),
(977, '1408', '2021-07-14 00:19:06', 'Entrada', '2021-07-13', '18:19:06'),
(978, '1916', '2021-07-14 00:19:12', 'Entrada', '2021-07-13', '18:19:12'),
(979, '1408', '2021-07-14 00:19:35', 'Salida', '2021-07-13', '18:19:35'),
(980, '629', '2021-07-14 00:19:44', 'Salida', '2021-07-13', '18:19:44'),
(981, '1443', '2021-07-14 00:20:31', 'Salida', '2021-07-13', '18:20:31'),
(982, '1316', '2021-07-14 00:25:04', 'Salida', '2021-07-13', '18:25:04'),
(983, '1470', '2021-07-14 00:26:55', 'Entrada', '2021-07-13', '18:26:55'),
(984, '2058', '2021-07-14 00:27:03', 'Entrada', '2021-07-13', '18:27:03');
INSERT INTO `asistencia` (`idasistencia`, `codigo_persona`, `fecha_hora`, `tipo`, `fecha`, `hora`) VALUES
(985, '176', '2021-07-14 00:31:19', 'Salida', '2021-07-13', '18:31:19'),
(986, '1500', '2021-07-14 00:31:22', 'Entrada', '2021-07-13', '18:31:22'),
(987, '1843', '2021-07-14 00:31:28', 'Entrada', '2021-07-13', '18:31:28'),
(988, '1825', '2021-07-14 00:31:59', 'Salida', '2021-07-13', '18:31:59'),
(989, '2057', '2021-07-14 00:32:15', 'Salida', '2021-07-13', '18:32:15'),
(990, '1596', '2021-07-14 00:39:32', 'Salida', '2021-07-13', '18:39:32'),
(991, '977', '2021-07-14 00:40:43', 'Salida', '2021-07-13', '18:40:43'),
(992, '2038', '2021-07-14 00:52:59', 'Salida', '2021-07-13', '18:52:59'),
(993, '1972', '2021-07-14 01:33:51', 'Salida', '2021-07-13', '19:33:51'),
(994, '1499', '2021-07-14 02:12:21', 'Entrada', '2021-07-13', '20:12:21'),
(995, '2032', '2021-07-14 02:12:25', 'Salida', '2021-07-13', '20:12:25'),
(996, '686', '2021-07-14 02:58:47', 'Salida', '2021-07-13', '20:58:47'),
(997, '1988', '2021-07-14 03:04:58', 'Salida', '2021-07-13', '21:04:58'),
(998, '1861', '2021-07-14 03:05:57', 'Salida', '2021-07-13', '21:05:57'),
(999, '1690', '2021-07-14 03:10:34', 'Salida', '2021-07-13', '21:10:34'),
(1000, '444', '2021-07-14 03:12:24', 'Salida', '2021-07-13', '21:12:24'),
(1001, '1652', '2021-07-14 03:14:43', 'Salida', '2021-07-13', '21:14:43'),
(1002, '1438', '2021-07-14 03:14:48', 'Salida', '2021-07-13', '21:14:48'),
(1003, '1438', '2021-07-14 03:15:06', 'Entrada', '2021-07-13', '21:15:06'),
(1004, '1438', '2021-07-14 03:15:09', 'Salida', '2021-07-13', '21:15:09'),
(1005, '1702', '2021-07-14 03:15:15', 'Salida', '2021-07-13', '21:15:15'),
(1006, '630', '2021-07-14 03:16:30', 'Salida', '2021-07-13', '21:16:30'),
(1007, '630', '2021-07-14 03:16:33', 'Entrada', '2021-07-13', '21:16:33'),
(1008, '630', '2021-07-14 03:16:33', 'Salida', '2021-07-13', '21:16:33'),
(1009, '1058', '2021-07-14 03:36:28', 'Salida', '2021-07-13', '21:36:28'),
(1010, '977', '2021-07-14 13:15:53', 'Entrada', '2021-07-14', '07:15:53'),
(1011, '977', '2021-07-14 13:16:00', 'Salida', '2021-07-14', '07:16:00'),
(1012, '977', '2021-07-14 13:16:04', 'Entrada', '2021-07-14', '07:16:04'),
(1013, '1408', '2021-07-14 13:16:46', 'Entrada', '2021-07-14', '07:16:46'),
(1014, '686', '2021-07-14 13:22:49', 'Entrada', '2021-07-14', '07:22:49'),
(1015, '1500', '2021-07-14 13:24:07', 'Salida', '2021-07-14', '07:24:07'),
(1016, '2057', '2021-07-14 13:27:54', 'Entrada', '2021-07-14', '07:27:54'),
(1017, '25000', '2021-07-14 13:31:33', 'Entrada', '2021-07-14', '07:31:33'),
(1018, '30000', '2021-07-14 13:36:43', 'Entrada', '2021-07-14', '07:36:43'),
(1019, '1761', '2021-07-14 13:37:20', 'Salida', '2021-07-14', '07:37:20'),
(1020, '1761', '2021-07-14 13:37:29', 'Entrada', '2021-07-14', '07:37:29'),
(1021, '1861', '2021-07-14 13:40:04', 'Entrada', '2021-07-14', '07:40:04'),
(1022, '1562', '2021-07-14 13:41:20', 'Salida', '2021-07-14', '07:41:20'),
(1023, '629', '2021-07-14 13:44:17', 'Entrada', '2021-07-14', '07:44:17'),
(1024, '110', '2021-07-14 13:46:57', 'Salida', '2021-07-14', '07:46:57'),
(1025, '176', '2021-07-14 13:47:20', 'Entrada', '2021-07-14', '07:47:20'),
(1026, '1825', '2021-07-14 13:47:52', 'Entrada', '2021-07-14', '07:47:52'),
(1027, '1916', '2021-07-14 13:48:05', 'Salida', '2021-07-14', '07:48:05'),
(1028, '1916', '2021-07-14 13:48:18', 'Entrada', '2021-07-14', '07:48:18'),
(1029, '1972', '2021-07-14 13:48:25', 'Entrada', '2021-07-14', '07:48:25'),
(1030, '1316', '2021-07-14 13:49:54', 'Entrada', '2021-07-14', '07:49:54'),
(1031, '1499', '2021-07-14 13:50:17', 'Salida', '2021-07-14', '07:50:17'),
(1032, '989', '2021-07-14 13:51:36', 'Entrada', '2021-07-14', '07:51:36'),
(1033, '1114', '2021-07-14 13:53:35', 'Entrada', '2021-07-14', '07:53:35'),
(1034, '2058', '2021-07-14 13:53:55', 'Salida', '2021-07-14', '07:53:55'),
(1035, '824', '2021-07-14 13:54:07', 'Entrada', '2021-07-14', '07:54:07'),
(1036, '1942', '2021-07-14 13:55:48', 'Entrada', '2021-07-14', '07:55:48'),
(1037, '1922', '2021-07-14 13:56:17', 'Entrada', '2021-07-14', '07:56:17'),
(1038, '935', '2021-07-14 13:56:39', 'Entrada', '2021-07-14', '07:56:39'),
(1039, '347', '2021-07-14 13:56:44', 'Entrada', '2021-07-14', '07:56:44'),
(1040, '12345', '2021-07-14 13:57:15', 'Entrada', '2021-07-14', '07:57:15'),
(1041, '1582', '2021-07-14 13:59:11', 'Salida', '2021-07-14', '07:59:11'),
(1042, '1443', '2021-07-14 13:59:15', 'Entrada', '2021-07-14', '07:59:15'),
(1043, '2032', '2021-07-14 14:01:42', 'Entrada', '2021-07-14', '08:01:42'),
(1044, '116', '2021-07-14 14:03:51', 'Entrada', '2021-07-14', '08:03:51'),
(1045, '1470', '2021-07-14 14:03:59', 'Salida', '2021-07-14', '08:03:59'),
(1046, '1896', '2021-07-14 14:06:29', 'Entrada', '2021-07-14', '08:06:29'),
(1047, '2038', '2021-07-14 14:12:24', 'Entrada', '2021-07-14', '08:12:24'),
(1048, '1942', '2021-07-14 14:16:53', 'Salida', '2021-07-14', '08:16:53'),
(1049, '452', '2021-07-14 14:16:57', 'Entrada', '2021-07-14', '08:16:57'),
(1050, '452', '2021-07-14 14:17:07', 'Salida', '2021-07-14', '08:17:07'),
(1051, '444', '2021-07-14 14:24:17', 'Entrada', '2021-07-14', '08:24:17'),
(1052, '116', '2021-07-14 14:38:02', 'Salida', '2021-07-14', '08:38:02'),
(1053, '1896', '2021-07-14 15:00:01', 'Salida', '2021-07-14', '09:00:01'),
(1054, '824', '2021-07-14 15:05:34', 'Salida', '2021-07-14', '09:05:34'),
(1055, '1761', '2021-07-14 17:37:03', 'Salida', '2021-07-14', '11:37:03'),
(1056, '30000', '2021-07-14 17:59:11', 'Salida', '2021-07-14', '11:59:11'),
(1057, '1843', '2021-07-14 18:07:44', 'Salida', '2021-07-14', '12:07:44'),
(1058, '1843', '2021-07-14 18:07:48', 'Entrada', '2021-07-14', '12:07:48'),
(1059, '630', '2021-07-14 18:39:25', 'Entrada', '2021-07-14', '12:39:25'),
(1060, '1438', '2021-07-14 18:40:13', 'Entrada', '2021-07-14', '12:40:13'),
(1061, '1784', '2021-07-14 18:45:06', 'Entrada', '2021-07-14', '12:45:06'),
(1062, '1702', '2021-07-14 18:45:15', 'Entrada', '2021-07-14', '12:45:15'),
(1063, '1652', '2021-07-14 19:11:54', 'Entrada', '2021-07-14', '13:11:54'),
(1064, '935', '2021-07-14 19:41:15', 'Salida', '2021-07-14', '13:41:15'),
(1065, '116', '2021-07-14 19:55:11', 'Entrada', '2021-07-14', '13:55:11'),
(1066, '1761', '2021-07-14 20:02:42', 'Entrada', '2021-07-14', '14:02:42'),
(1067, '1942', '2021-07-14 20:10:38', 'Entrada', '2021-07-14', '14:10:38'),
(1068, '1988', '2021-07-14 20:50:41', 'Entrada', '2021-07-14', '14:50:41'),
(1069, '1942', '2021-07-14 20:52:28', 'Salida', '2021-07-14', '14:52:28'),
(1070, '1058', '2021-07-14 20:53:09', 'Entrada', '2021-07-14', '14:53:09'),
(1071, '1690', '2021-07-14 20:54:07', 'Entrada', '2021-07-14', '14:54:07'),
(1072, '1855', '2021-07-14 21:03:04', 'Entrada', '2021-07-14', '15:03:04'),
(1073, '1644', '2021-07-14 21:13:26', 'Entrada', '2021-07-14', '15:13:26'),
(1074, '1755', '2021-07-14 21:54:41', 'Entrada', '2021-07-14', '15:54:41'),
(1075, '30000', '2021-07-14 22:02:31', 'Entrada', '2021-07-14', '16:02:31'),
(1076, '1311', '2021-07-14 22:14:32', 'Entrada', '2021-07-14', '16:14:32'),
(1077, '1311', '2021-07-14 22:14:37', 'Salida', '2021-07-14', '16:14:37'),
(1078, '116', '2021-07-14 22:22:00', 'Salida', '2021-07-14', '16:22:00'),
(1079, '116', '2021-07-14 22:22:08', 'Entrada', '2021-07-14', '16:22:08'),
(1080, '1582', '2021-07-14 23:04:37', 'Entrada', '2021-07-14', '17:04:37'),
(1081, '989', '2021-07-14 23:05:04', 'Salida', '2021-07-14', '17:05:04'),
(1082, '824', '2021-07-14 23:07:55', 'Entrada', '2021-07-14', '17:07:55'),
(1083, '1562', '2021-07-14 23:15:36', 'Entrada', '2021-07-14', '17:15:36'),
(1084, '30000', '2021-07-14 23:19:28', 'Salida', '2021-07-14', '17:19:28'),
(1085, '124', '2021-07-14 23:21:20', 'Entrada', '2021-07-14', '17:21:20'),
(1086, '1364', '2021-07-14 23:26:10', 'Entrada', '2021-07-14', '17:26:10'),
(1087, '1364', '2021-07-14 23:26:18', 'Salida', '2021-07-14', '17:26:18'),
(1088, '25000', '2021-07-14 23:42:52', 'Salida', '2021-07-14', '17:42:52'),
(1089, '1077', '2021-07-14 23:47:02', 'Salida', '2021-07-14', '17:47:02'),
(1090, '1896', '2021-07-14 23:51:24', 'Entrada', '2021-07-14', '17:51:24'),
(1091, '444', '2021-07-14 23:52:13', 'Salida', '2021-07-14', '17:52:13'),
(1092, '1896', '2021-07-15 00:00:15', 'Salida', '2021-07-14', '18:00:15'),
(1093, '629', '2021-07-15 00:02:00', 'Salida', '2021-07-14', '18:02:00'),
(1094, '1114', '2021-07-15 00:03:33', 'Salida', '2021-07-14', '18:03:33'),
(1095, '110', '2021-07-15 00:04:28', 'Entrada', '2021-07-14', '18:04:28'),
(1096, '110', '2021-07-15 00:04:57', 'Salida', '2021-07-14', '18:04:57'),
(1097, '1942', '2021-07-15 00:06:53', 'Entrada', '2021-07-14', '18:06:53'),
(1098, '1843', '2021-07-15 00:07:25', 'Salida', '2021-07-14', '18:07:25'),
(1099, '347', '2021-07-15 00:07:33', 'Salida', '2021-07-14', '18:07:33'),
(1100, '1443', '2021-07-15 00:10:01', 'Salida', '2021-07-14', '18:10:01'),
(1101, '1470', '2021-07-15 00:13:29', 'Entrada', '2021-07-14', '18:13:29'),
(1102, '1470', '2021-07-15 00:13:47', 'Salida', '2021-07-14', '18:13:47'),
(1103, '116', '2021-07-15 00:15:46', 'Salida', '2021-07-14', '18:15:46'),
(1104, '1761', '2021-07-15 00:19:00', 'Salida', '2021-07-14', '18:19:00'),
(1105, '12345', '2021-07-15 00:20:29', 'Salida', '2021-07-14', '18:20:29'),
(1106, '1916', '2021-07-15 00:20:59', 'Salida', '2021-07-14', '18:20:59'),
(1107, '2058', '2021-07-15 00:29:12', 'Entrada', '2021-07-14', '18:29:12'),
(1108, '2058', '2021-07-15 00:29:16', 'Salida', '2021-07-14', '18:29:16'),
(1109, '2038', '2021-07-15 00:29:23', 'Salida', '2021-07-14', '18:29:23'),
(1110, '574', '2021-07-15 00:31:53', 'Salida', '2021-07-14', '18:31:53'),
(1111, '176', '2021-07-15 00:33:00', 'Salida', '2021-07-14', '18:33:00'),
(1112, '1500', '2021-07-15 00:33:08', 'Entrada', '2021-07-14', '18:33:08'),
(1113, '1942', '2021-07-15 00:33:18', 'Salida', '2021-07-14', '18:33:18'),
(1114, '1408', '2021-07-15 00:35:54', 'Salida', '2021-07-14', '18:35:54'),
(1115, '1825', '2021-07-15 00:43:47', 'Salida', '2021-07-14', '18:43:47'),
(1116, '2057', '2021-07-15 00:45:07', 'Salida', '2021-07-14', '18:45:07'),
(1117, '1716', '2021-07-15 01:05:43', 'Entrada', '2021-07-14', '19:05:43'),
(1118, '1716', '2021-07-15 01:05:45', 'Salida', '2021-07-14', '19:05:45'),
(1119, '686', '2021-07-15 01:09:50', 'Salida', '2021-07-14', '19:09:50'),
(1120, '1922', '2021-07-15 01:13:50', 'Salida', '2021-07-14', '19:13:50'),
(1121, '1972', '2021-07-15 01:33:46', 'Salida', '2021-07-14', '19:33:46'),
(1122, '1861', '2021-07-15 01:43:12', 'Salida', '2021-07-14', '19:43:12'),
(1123, '1316', '2021-07-15 01:46:17', 'Salida', '2021-07-14', '19:46:17'),
(1124, '2032', '2021-07-15 02:24:39', 'Salida', '2021-07-14', '20:24:39'),
(1125, '1499', '2021-07-15 02:24:47', 'Entrada', '2021-07-14', '20:24:47'),
(1126, '1784', '2021-07-15 03:02:51', 'Salida', '2021-07-14', '21:02:51'),
(1127, '1702', '2021-07-15 03:05:19', 'Salida', '2021-07-14', '21:05:19'),
(1128, '1438', '2021-07-15 03:05:27', 'Salida', '2021-07-14', '21:05:27'),
(1129, '1652', '2021-07-15 03:06:28', 'Salida', '2021-07-14', '21:06:28'),
(1130, '630', '2021-07-15 03:06:47', 'Salida', '2021-07-14', '21:06:47'),
(1131, '1690', '2021-07-15 03:47:36', 'Salida', '2021-07-14', '21:47:36'),
(1132, '1988', '2021-07-15 03:54:26', 'Salida', '2021-07-14', '21:54:26'),
(1133, '1058', '2021-07-15 03:55:52', 'Salida', '2021-07-14', '21:55:52'),
(1134, '1077', '2021-07-15 11:13:27', 'Entrada', '2021-07-15', '05:13:27'),
(1135, '1644', '2021-07-15 11:26:18', 'Salida', '2021-07-15', '05:26:18'),
(1136, '1364', '2021-07-15 11:26:23', 'Entrada', '2021-07-15', '05:26:23'),
(1137, '1755', '2021-07-15 11:46:41', 'Salida', '2021-07-15', '05:46:41'),
(1138, '1855', '2021-07-15 11:49:49', 'Salida', '2021-07-15', '05:49:49'),
(1139, '1311', '2021-07-15 12:07:01', 'Entrada', '2021-07-15', '06:07:01'),
(1140, '444', '2021-07-15 12:07:58', 'Entrada', '2021-07-15', '06:07:58'),
(1141, '452', '2021-07-15 12:14:04', 'Entrada', '2021-07-15', '06:14:04'),
(1142, '30000', '2021-07-15 12:15:28', 'Entrada', '2021-07-15', '06:15:28'),
(1143, '686', '2021-07-15 12:31:56', 'Entrada', '2021-07-15', '06:31:56'),
(1144, '1843', '2021-07-15 12:44:46', 'Entrada', '2021-07-15', '06:44:46'),
(1145, '1500', '2021-07-15 13:15:39', 'Salida', '2021-07-15', '07:15:39'),
(1146, '1861', '2021-07-15 13:17:00', 'Entrada', '2021-07-15', '07:17:00'),
(1147, '1408', '2021-07-15 13:17:24', 'Entrada', '2021-07-15', '07:17:24'),
(1148, '574', '2021-07-15 13:21:14', 'Entrada', '2021-07-15', '07:21:14'),
(1149, '2057', '2021-07-15 13:23:42', 'Entrada', '2021-07-15', '07:23:42'),
(1150, '2022', '2021-07-15 13:24:07', 'Salida', '2021-07-15', '07:24:07'),
(1151, '2022', '2021-07-15 13:24:13', 'Entrada', '2021-07-15', '07:24:13'),
(1152, '977', '2021-07-15 13:36:08', 'Salida', '2021-07-15', '07:36:08'),
(1153, '977', '2021-07-15 13:36:13', 'Entrada', '2021-07-15', '07:36:13'),
(1154, '110', '2021-07-15 13:38:55', 'Entrada', '2021-07-15', '07:38:55'),
(1155, '110', '2021-07-15 13:38:56', 'Salida', '2021-07-15', '07:38:56'),
(1156, '110', '2021-07-15 13:39:03', 'Entrada', '2021-07-15', '07:39:03'),
(1157, '25000', '2021-07-15 13:41:11', 'Entrada', '2021-07-15', '07:41:11'),
(1158, '1972', '2021-07-15 13:44:14', 'Entrada', '2021-07-15', '07:44:14'),
(1159, '1562', '2021-07-15 13:45:57', 'Salida', '2021-07-15', '07:45:57'),
(1160, '1942', '2021-07-15 13:46:01', 'Entrada', '2021-07-15', '07:46:01'),
(1161, '1562', '2021-07-15 13:46:11', 'Entrada', '2021-07-15', '07:46:11'),
(1162, '824', '2021-07-15 13:48:55', 'Salida', '2021-07-15', '07:48:55'),
(1163, '629', '2021-07-15 13:54:30', 'Entrada', '2021-07-15', '07:54:30'),
(1164, '989', '2021-07-15 13:54:43', 'Entrada', '2021-07-15', '07:54:43'),
(1165, '1922', '2021-07-15 13:56:40', 'Entrada', '2021-07-15', '07:56:40'),
(1166, '1582', '2021-07-15 13:57:49', 'Salida', '2021-07-15', '07:57:49'),
(1167, '1582', '2021-07-15 13:57:59', 'Entrada', '2021-07-15', '07:57:59'),
(1168, '176', '2021-07-15 13:59:52', 'Entrada', '2021-07-15', '07:59:52'),
(1169, '347', '2021-07-15 14:00:03', 'Entrada', '2021-07-15', '08:00:03'),
(1170, '1916', '2021-07-15 14:00:29', 'Entrada', '2021-07-15', '08:00:29'),
(1171, '12345', '2021-07-15 14:01:14', 'Entrada', '2021-07-15', '08:01:14'),
(1172, '1470', '2021-07-15 14:03:17', 'Entrada', '2021-07-15', '08:03:17'),
(1173, '2038', '2021-07-15 14:03:50', 'Entrada', '2021-07-15', '08:03:50'),
(1174, '116', '2021-07-15 14:03:59', 'Entrada', '2021-07-15', '08:03:59'),
(1175, '2058', '2021-07-15 14:04:16', 'Entrada', '2021-07-15', '08:04:16'),
(1176, '1825', '2021-07-15 14:04:22', 'Entrada', '2021-07-15', '08:04:22'),
(1177, '1114', '2021-07-15 14:04:28', 'Entrada', '2021-07-15', '08:04:28'),
(1178, '1942', '2021-07-15 14:06:26', 'Salida', '2021-07-15', '08:06:26'),
(1179, '1896', '2021-07-15 14:06:37', 'Entrada', '2021-07-15', '08:06:37'),
(1180, '1596', '2021-07-15 14:06:57', 'Entrada', '2021-07-15', '08:06:57'),
(1181, '935', '2021-07-15 14:09:28', 'Entrada', '2021-07-15', '08:09:28'),
(1182, '1761', '2021-07-15 14:09:48', 'Entrada', '2021-07-15', '08:09:48'),
(1183, '2032', '2021-07-15 14:11:06', 'Entrada', '2021-07-15', '08:11:06'),
(1184, '1443', '2021-07-15 14:16:08', 'Entrada', '2021-07-15', '08:16:08'),
(1185, '824', '2021-07-15 14:26:08', 'Entrada', '2021-07-15', '08:26:08'),
(1186, '824', '2021-07-15 14:26:15', 'Salida', '2021-07-15', '08:26:15'),
(1187, '1896', '2021-07-15 14:27:03', 'Salida', '2021-07-15', '08:27:03'),
(1188, '1438', '2021-07-15 14:55:42', 'Entrada', '2021-07-15', '08:55:42'),
(1189, '574', '2021-07-15 15:07:51', 'Salida', '2021-07-15', '09:07:51'),
(1190, '116', '2021-07-15 15:21:11', 'Salida', '2021-07-15', '09:21:11'),
(1191, '824', '2021-07-15 15:32:59', 'Entrada', '2021-07-15', '09:32:59'),
(1192, '124', '2021-07-15 15:43:37', 'Salida', '2021-07-15', '09:43:37'),
(1193, '1652', '2021-07-15 15:55:13', 'Entrada', '2021-07-15', '09:55:13'),
(1194, '574', '2021-07-15 16:41:05', 'Entrada', '2021-07-15', '10:41:05'),
(1195, '1364', '2021-07-15 17:36:22', 'Salida', '2021-07-15', '11:36:22'),
(1196, '574', '2021-07-15 18:04:17', 'Salida', '2021-07-15', '12:04:17'),
(1197, '116', '2021-07-15 18:04:49', 'Entrada', '2021-07-15', '12:04:49'),
(1198, '1364', '2021-07-15 19:07:27', 'Entrada', '2021-07-15', '13:07:27'),
(1199, '1761', '2021-07-15 19:09:13', 'Salida', '2021-07-15', '13:09:13'),
(1200, '824', '2021-07-15 19:23:27', 'Salida', '2021-07-15', '13:23:27'),
(1201, '116', '2021-07-15 19:32:23', 'Salida', '2021-07-15', '13:32:23'),
(1202, '574', '2021-07-15 20:06:14', 'Entrada', '2021-07-15', '14:06:14'),
(1203, '2038', '2021-07-15 20:09:22', 'Salida', '2021-07-15', '14:09:22'),
(1204, '977', '2021-07-15 20:20:58', 'Salida', '2021-07-15', '14:20:58'),
(1205, '977', '2021-07-15 20:21:01', 'Entrada', '2021-07-15', '14:21:01'),
(1206, '574', '2021-07-15 20:40:27', 'Salida', '2021-07-15', '14:40:27'),
(1207, '574', '2021-07-15 20:41:18', 'Entrada', '2021-07-15', '14:41:18'),
(1208, '1761', '2021-07-15 20:50:06', 'Entrada', '2021-07-15', '14:50:06'),
(1209, '1988', '2021-07-15 20:55:53', 'Entrada', '2021-07-15', '14:55:53'),
(1210, '1058', '2021-07-15 20:56:04', 'Entrada', '2021-07-15', '14:56:04'),
(1211, '1855', '2021-07-15 21:00:51', 'Entrada', '2021-07-15', '15:00:51'),
(1212, '1644', '2021-07-15 21:10:03', 'Entrada', '2021-07-15', '15:10:03'),
(1213, '1690', '2021-07-15 21:11:33', 'Entrada', '2021-07-15', '15:11:33'),
(1214, '1761', '2021-07-15 21:39:19', 'Salida', '2021-07-15', '15:39:19'),
(1215, '824', '2021-07-15 22:17:22', 'Entrada', '2021-07-15', '16:17:22'),
(1216, '116', '2021-07-15 22:22:51', 'Entrada', '2021-07-15', '16:22:51'),
(1217, '1755', '2021-07-15 22:34:27', 'Entrada', '2021-07-15', '16:34:27'),
(1218, '444', '2021-07-15 22:36:41', 'Salida', '2021-07-15', '16:36:41'),
(1219, '989', '2021-07-15 23:04:00', 'Salida', '2021-07-15', '17:04:00'),
(1220, '1582', '2021-07-15 23:05:34', 'Salida', '2021-07-15', '17:05:34'),
(1221, '1896', '2021-07-15 23:06:19', 'Entrada', '2021-07-15', '17:06:19'),
(1222, '1364', '2021-07-15 23:15:01', 'Salida', '2021-07-15', '17:15:01'),
(1223, '1922', '2021-07-15 23:15:23', 'Salida', '2021-07-15', '17:15:23'),
(1224, '1562', '2021-07-15 23:15:45', 'Salida', '2021-07-15', '17:15:45'),
(1225, '824', '2021-07-15 23:27:35', 'Salida', '2021-07-15', '17:27:35'),
(1226, '1311', '2021-07-15 23:30:56', 'Salida', '2021-07-15', '17:30:56'),
(1227, '1896', '2021-07-15 23:42:19', 'Salida', '2021-07-15', '17:42:19'),
(1228, '1077', '2021-07-15 23:43:42', 'Salida', '2021-07-15', '17:43:42'),
(1229, '1942', '2021-07-15 23:44:16', 'Entrada', '2021-07-15', '17:44:16'),
(1230, '1942', '2021-07-15 23:55:59', 'Salida', '2021-07-15', '17:55:59'),
(1231, '629', '2021-07-16 00:02:09', 'Salida', '2021-07-15', '18:02:09'),
(1232, '1443', '2021-07-16 00:03:53', 'Salida', '2021-07-15', '18:03:53'),
(1233, '12345', '2021-07-16 00:05:49', 'Salida', '2021-07-15', '18:05:49'),
(1234, '1114', '2021-07-16 00:05:58', 'Salida', '2021-07-15', '18:05:58'),
(1235, '110', '2021-07-16 00:07:17', 'Salida', '2021-07-15', '18:07:17'),
(1236, '347', '2021-07-16 00:15:19', 'Salida', '2021-07-15', '18:15:19'),
(1237, '2058', '2021-07-16 00:16:34', 'Salida', '2021-07-15', '18:16:34'),
(1238, '935', '2021-07-16 00:26:25', 'Salida', '2021-07-15', '18:26:25'),
(1239, '935', '2021-07-16 00:26:30', 'Entrada', '2021-07-15', '18:26:30'),
(1240, '977', '2021-07-16 00:26:40', 'Salida', '2021-07-15', '18:26:40'),
(1241, '935', '2021-07-16 00:26:45', 'Salida', '2021-07-15', '18:26:45'),
(1242, '1596', '2021-07-16 00:26:50', 'Salida', '2021-07-15', '18:26:50'),
(1243, '1408', '2021-07-16 00:28:05', 'Salida', '2021-07-15', '18:28:05'),
(1244, '1470', '2021-07-16 00:28:09', 'Salida', '2021-07-15', '18:28:09'),
(1245, '1916', '2021-07-16 00:28:22', 'Salida', '2021-07-15', '18:28:22'),
(1246, '1825', '2021-07-16 00:28:29', 'Salida', '2021-07-15', '18:28:29'),
(1247, '116', '2021-07-16 00:28:44', 'Salida', '2021-07-15', '18:28:44'),
(1248, '25000', '2021-07-16 00:34:03', 'Salida', '2021-07-15', '18:34:03'),
(1249, '1843', '2021-07-16 00:35:09', 'Salida', '2021-07-15', '18:35:09'),
(1250, '1861', '2021-07-16 00:39:00', 'Salida', '2021-07-15', '18:39:00'),
(1251, '176', '2021-07-16 00:43:31', 'Salida', '2021-07-15', '18:43:31'),
(1252, '1500', '2021-07-16 00:43:36', 'Entrada', '2021-07-15', '18:43:36'),
(1253, '2057', '2021-07-16 00:52:03', 'Salida', '2021-07-15', '18:52:03'),
(1254, '686', '2021-07-16 00:56:09', 'Salida', '2021-07-15', '18:56:09'),
(1255, '574', '2021-07-16 01:07:12', 'Salida', '2021-07-15', '19:07:12'),
(1256, '1972', '2021-07-16 01:19:36', 'Salida', '2021-07-15', '19:19:36'),
(1257, '2032', '2021-07-16 01:38:16', 'Salida', '2021-07-15', '19:38:16'),
(1258, '2032', '2021-07-16 01:38:16', 'Entrada', '2021-07-15', '19:38:16'),
(1259, '30000', '2021-07-16 02:29:51', 'Salida', '2021-07-15', '20:29:51'),
(1260, '1988', '2021-07-16 02:44:32', 'Salida', '2021-07-15', '20:44:32'),
(1261, '1690', '2021-07-16 02:45:31', 'Salida', '2021-07-15', '20:45:31'),
(1262, '1652', '2021-07-16 03:03:25', 'Salida', '2021-07-15', '21:03:25'),
(1263, '444', '2021-07-16 03:03:46', 'Entrada', '2021-07-15', '21:03:46'),
(1264, '444', '2021-07-16 03:03:50', 'Salida', '2021-07-15', '21:03:50'),
(1265, '1784', '2021-07-16 03:04:54', 'Entrada', '2021-07-15', '21:04:54'),
(1266, '1784', '2021-07-16 03:04:57', 'Salida', '2021-07-15', '21:04:57'),
(1267, '1438', '2021-07-16 03:06:08', 'Salida', '2021-07-15', '21:06:08'),
(1268, '630', '2021-07-16 03:06:35', 'Entrada', '2021-07-15', '21:06:35'),
(1269, '1058', '2021-07-16 03:42:23', 'Salida', '2021-07-15', '21:42:23'),
(1270, '1077', '2021-07-16 11:11:12', 'Entrada', '2021-07-16', '05:11:12'),
(1271, '1644', '2021-07-16 11:31:11', 'Salida', '2021-07-16', '05:31:11'),
(1272, '1855', '2021-07-16 11:38:16', 'Salida', '2021-07-16', '05:38:16'),
(1273, '1755', '2021-07-16 11:49:49', 'Salida', '2021-07-16', '05:49:49'),
(1274, '2058', '2021-07-16 11:58:13', 'Entrada', '2021-07-16', '05:58:13'),
(1275, '1311', '2021-07-16 12:03:06', 'Entrada', '2021-07-16', '06:03:06'),
(1276, '686', '2021-07-16 12:17:38', 'Entrada', '2021-07-16', '06:17:38'),
(1277, '444', '2021-07-16 12:25:42', 'Entrada', '2021-07-16', '06:25:42'),
(1278, '1972', '2021-07-16 13:04:59', 'Entrada', '2021-07-16', '07:04:59'),
(1279, '1500', '2021-07-16 13:21:14', 'Salida', '2021-07-16', '07:21:14'),
(1280, '30000', '2021-07-16 13:21:45', 'Entrada', '2021-07-16', '07:21:45'),
(1281, '977', '2021-07-16 13:21:49', 'Entrada', '2021-07-16', '07:21:49'),
(1282, '574', '2021-07-16 13:28:44', 'Entrada', '2021-07-16', '07:28:44'),
(1283, '1408', '2021-07-16 13:29:54', 'Entrada', '2021-07-16', '07:29:54'),
(1284, '2022', '2021-07-16 13:33:47', 'Salida', '2021-07-16', '07:33:47'),
(1285, '2022', '2021-07-16 13:33:50', 'Entrada', '2021-07-16', '07:33:50'),
(1286, '176', '2021-07-16 13:34:04', 'Entrada', '2021-07-16', '07:34:04'),
(1287, '2038', '2021-07-16 13:42:46', 'Entrada', '2021-07-16', '07:42:46'),
(1288, '110', '2021-07-16 13:44:47', 'Entrada', '2021-07-16', '07:44:47'),
(1289, '2057', '2021-07-16 13:45:03', 'Entrada', '2021-07-16', '07:45:03'),
(1290, '1562', '2021-07-16 13:46:01', 'Entrada', '2021-07-16', '07:46:01'),
(1291, '1562', '2021-07-16 13:46:07', 'Salida', '2021-07-16', '07:46:07'),
(1292, '1562', '2021-07-16 13:46:16', 'Entrada', '2021-07-16', '07:46:16'),
(1293, '1562', '2021-07-16 13:46:31', 'Salida', '2021-07-16', '07:46:31'),
(1294, '1562', '2021-07-16 13:46:38', 'Entrada', '2021-07-16', '07:46:38'),
(1295, '824', '2021-07-16 13:48:10', 'Entrada', '2021-07-16', '07:48:10'),
(1296, '1861', '2021-07-16 13:48:28', 'Entrada', '2021-07-16', '07:48:28'),
(1297, '347', '2021-07-16 13:52:59', 'Entrada', '2021-07-16', '07:52:59'),
(1298, '1582', '2021-07-16 13:54:18', 'Entrada', '2021-07-16', '07:54:18'),
(1299, '629', '2021-07-16 13:55:15', 'Entrada', '2021-07-16', '07:55:15'),
(1300, '1364', '2021-07-16 13:56:52', 'Entrada', '2021-07-16', '07:56:52'),
(1301, '1942', '2021-07-16 13:57:36', 'Entrada', '2021-07-16', '07:57:36'),
(1302, '1716', '2021-07-16 13:58:12', 'Entrada', '2021-07-16', '07:58:12'),
(1303, '1596', '2021-07-16 13:59:41', 'Entrada', '2021-07-16', '07:59:41'),
(1304, '989', '2021-07-16 14:01:58', 'Entrada', '2021-07-16', '08:01:58'),
(1305, '1922', '2021-07-16 14:02:07', 'Entrada', '2021-07-16', '08:02:07'),
(1306, '116', '2021-07-16 14:03:22', 'Entrada', '2021-07-16', '08:03:22'),
(1307, '1470', '2021-07-16 14:04:05', 'Entrada', '2021-07-16', '08:04:05'),
(1308, '1825', '2021-07-16 14:05:07', 'Entrada', '2021-07-16', '08:05:07'),
(1309, '1896', '2021-07-16 14:07:04', 'Entrada', '2021-07-16', '08:07:04'),
(1310, '1916', '2021-07-16 14:08:35', 'Entrada', '2021-07-16', '08:08:35'),
(1311, '2032', '2021-07-16 14:10:58', 'Salida', '2021-07-16', '08:10:58'),
(1312, '935', '2021-07-16 14:11:57', 'Entrada', '2021-07-16', '08:11:57'),
(1313, '1114', '2021-07-16 14:12:08', 'Entrada', '2021-07-16', '08:12:08'),
(1314, '1499', '2021-07-16 14:12:33', 'Salida', '2021-07-16', '08:12:33'),
(1315, '1761', '2021-07-16 14:13:06', 'Entrada', '2021-07-16', '08:13:06'),
(1316, '1443', '2021-07-16 14:14:33', 'Entrada', '2021-07-16', '08:14:33'),
(1317, '1942', '2021-07-16 14:15:12', 'Salida', '2021-07-16', '08:15:12'),
(1318, '12345', '2021-07-16 14:16:42', 'Entrada', '2021-07-16', '08:16:42'),
(1319, '824', '2021-07-16 14:29:22', 'Salida', '2021-07-16', '08:29:22'),
(1320, '1761', '2021-07-16 14:45:16', 'Salida', '2021-07-16', '08:45:16'),
(1321, '116', '2021-07-16 14:46:47', 'Salida', '2021-07-16', '08:46:47'),
(1322, '630', '2021-07-16 14:55:07', 'Salida', '2021-07-16', '08:55:07'),
(1323, '1896', '2021-07-16 14:59:13', 'Salida', '2021-07-16', '08:59:13'),
(1324, '444', '2021-07-16 15:23:36', 'Salida', '2021-07-16', '09:23:36'),
(1325, '824', '2021-07-16 15:56:22', 'Entrada', '2021-07-16', '09:56:22'),
(1326, '452', '2021-07-16 16:40:42', 'Salida', '2021-07-16', '10:40:42'),
(1327, '452', '2021-07-16 16:40:47', 'Entrada', '2021-07-16', '10:40:47'),
(1328, '124', '2021-07-16 16:42:12', 'Entrada', '2021-07-16', '10:42:12'),
(1329, '124', '2021-07-16 16:42:12', 'Salida', '2021-07-16', '10:42:12'),
(1330, '30000', '2021-07-16 16:58:08', 'Salida', '2021-07-16', '10:58:08'),
(1331, '30000', '2021-07-16 16:58:20', 'Entrada', '2021-07-16', '10:58:20'),
(1332, '444', '2021-07-16 18:38:57', 'Entrada', '2021-07-16', '12:38:57'),
(1333, '1784', '2021-07-16 18:47:07', 'Entrada', '2021-07-16', '12:47:07'),
(1334, '116', '2021-07-16 18:50:03', 'Entrada', '2021-07-16', '12:50:03'),
(1335, '1652', '2021-07-16 18:51:17', 'Entrada', '2021-07-16', '12:51:17'),
(1336, '1702', '2021-07-16 18:51:30', 'Entrada', '2021-07-16', '12:51:30'),
(1337, '1499', '2021-07-16 19:08:59', 'Entrada', '2021-07-16', '13:08:59'),
(1338, '1438', '2021-07-16 19:14:22', 'Entrada', '2021-07-16', '13:14:22'),
(1339, '116', '2021-07-16 19:44:13', 'Salida', '2021-07-16', '13:44:13'),
(1340, '1077', '2021-07-16 19:59:35', 'Salida', '2021-07-16', '13:59:35'),
(1341, '1988', '2021-07-16 20:44:13', 'Entrada', '2021-07-16', '14:44:13'),
(1342, '1690', '2021-07-16 20:50:27', 'Entrada', '2021-07-16', '14:50:27'),
(1343, '1058', '2021-07-16 21:02:37', 'Entrada', '2021-07-16', '15:02:37'),
(1344, '1644', '2021-07-16 21:16:19', 'Entrada', '2021-07-16', '15:16:19'),
(1345, '1761', '2021-07-16 21:33:05', 'Entrada', '2021-07-16', '15:33:05');

-- --------------------------------------------------------

--
-- Estructura de tabla para la tabla `departamento`
--

CREATE TABLE IF NOT EXISTS `departamento` (
  `iddepartamento` int(11) NOT NULL AUTO_INCREMENT,
  `nombre` varchar(45) COLLATE utf8_bin NOT NULL,
  `descripcion` varchar(45) COLLATE utf8_bin NOT NULL,
  `fechacreada` datetime NOT NULL,
  `idusuario` varchar(45) COLLATE utf8_bin NOT NULL,
  PRIMARY KEY (`iddepartamento`)
) ENGINE=InnoDB  DEFAULT CHARSET=utf8 COLLATE=utf8_bin AUTO_INCREMENT=14 ;

--
-- Volcado de datos para la tabla `departamento`
--

INSERT INTO `departamento` (`iddepartamento`, `nombre`, `descripcion`, `fechacreada`, `idusuario`) VALUES
(1, 'Ventas', 'Ventas', '2020-01-18 00:00:00', '1'),
(2, 'Contabilidad', 'Contabilidad', '2020-01-19 00:15:24', '1'),
(3, 'Gerencia', 'representante legal', '2020-01-28 21:24:52', '1'),
(4, 'Administracion Comercial// S.S.', 'Administracion Comercial// S.S.', '2020-01-28 21:25:08', '1924'),
(5, 'Proyectos', 'Proyectos', '2020-01-28 21:25:45', '1924'),
(6, 'Bodega// San Salvador', 'Bodega// San Salvador', '2020-01-28 21:26:14', '1924'),
(7, 'Mantenimiento', 'encargado de la limpieza de oficinas', '0000-00-00 00:00:00', '1'),
(8, 'Gerencia de Recursos Humanos', 'Gerencia de Recursos Humanos', '2021-07-04 21:13:29', '1924'),
(9, 'Informatica', 'Informatica', '2021-07-05 10:33:53', '1924'),
(10, 'Gerencia de Mercadeo', 'Gerencia de Mercadeo', '2021-07-05 10:34:19', '1924'),
(11, 'Auditoria Interna', 'Auditoria Interna', '2021-07-05 10:35:22', '1924'),
(12, 'Gerencia de Logistica// Mtto.De Vehiculo', 'Gerencia de Logistica// Mtto.De Vehiculo', '2021-07-05 10:36:09', '1924'),
(13, 'Gerencia de Logistica// Refrigeracion', 'Gerencia de Logistica// Refrigeracion', '2021-07-05 10:36:19', '1924');

-- --------------------------------------------------------

--
-- Estructura de tabla para la tabla `distribuidora`
--

CREATE TABLE IF NOT EXISTS `distribuidora` (
  `id` int(11) NOT NULL,
  `Nombre` text NOT NULL
) ENGINE=InnoDB DEFAULT CHARSET=utf8mb4;

--
-- Volcado de datos para la tabla `distribuidora`
--

INSERT INTO `distribuidora` (`id`, `Nombre`) VALUES
(1, 'San Salvador'),
(2, 'San Miguel'),
(3, 'Santa Ana');

-- --------------------------------------------------------

--
-- Estructura de tabla para la tabla `mensajes`
--

CREATE TABLE IF NOT EXISTS `mensajes` (
  `idmensaje` int(11) NOT NULL AUTO_INCREMENT,
  `idusuariomensaje` int(11) NOT NULL,
  `textomensaje` text COLLATE utf8_bin NOT NULL,
  `estado` tinyint(4) NOT NULL DEFAULT '1',
  `fechamensaje` datetime NOT NULL,
  `fechacreada` datetime NOT NULL,
  `idusuario` int(11) NOT NULL,
  PRIMARY KEY (`idmensaje`),
  KEY `idusuario` (`idusuario`)
) ENGINE=InnoDB  DEFAULT CHARSET=utf8 COLLATE=utf8_bin AUTO_INCREMENT=3 ;

--
-- Volcado de datos para la tabla `mensajes`
--

INSERT INTO `mensajes` (`idmensaje`, `idusuariomensaje`, `textomensaje`, `estado`, `fechamensaje`, `fechacreada`, `idusuario`) VALUES
(2, 2000000000, 0x686f6c612c206573746f20657320756e206d656e73616a65206465207072756562612064656c2073697374656d61206465207573756172696f73, 1, '2020-01-18 00:00:00', '2020-01-18 00:00:00', 1);

-- --------------------------------------------------------

--
-- Estructura de tabla para la tabla `tipousuario`
--

CREATE TABLE IF NOT EXISTS `tipousuario` (
  `idtipousuario` int(11) NOT NULL AUTO_INCREMENT,
  `nombre` varchar(45) COLLATE utf8_bin NOT NULL,
  `descripcion` varchar(45) COLLATE utf8_bin NOT NULL,
  `fechacreada` datetime NOT NULL,
  `idusuario` varchar(45) COLLATE utf8_bin NOT NULL,
  PRIMARY KEY (`idtipousuario`)
) ENGINE=InnoDB  DEFAULT CHARSET=utf8 COLLATE=utf8_bin AUTO_INCREMENT=3 ;

--
-- Volcado de datos para la tabla `tipousuario`
--

INSERT INTO `tipousuario` (`idtipousuario`, `nombre`, `descripcion`, `fechacreada`, `idusuario`) VALUES
(1, 'Administrador', 'Con priviliegios de gestionar todo el sistema', '2020-01-18 00:00:00', '1'),
(2, 'Normal', 'usuario consultas', '2020-01-19 00:30:13', 'admin');

-- --------------------------------------------------------

--
-- Estructura de tabla para la tabla `usuarios`
--

CREATE TABLE IF NOT EXISTS `usuarios` (
  `idusuario` int(11) NOT NULL AUTO_INCREMENT,
  `nombre` varchar(45) COLLATE utf8_bin NOT NULL,
  `apellidos` varchar(45) COLLATE utf8_bin NOT NULL,
  `login` varchar(45) COLLATE utf8_bin NOT NULL,
  `iddepartamento` int(11) NOT NULL,
  `idtipousuario` int(11) NOT NULL,
  `email` varchar(45) COLLATE utf8_bin NOT NULL,
  `password` varchar(64) COLLATE utf8_bin NOT NULL,
  `imagen` varchar(50) COLLATE utf8_bin NOT NULL,
  `estado` tinyint(4) NOT NULL DEFAULT '1',
  `fechacreado` datetime NOT NULL,
  `usuariocreado` varchar(45) COLLATE utf8_bin NOT NULL,
  `codigo_persona` varchar(20) COLLATE utf8_bin DEFAULT NULL,
  `idmensaje` int(11) NOT NULL,
  `distribuidora` int(11) NOT NULL,
  PRIMARY KEY (`idusuario`),
  UNIQUE KEY `login` (`login`),
  UNIQUE KEY `codigo_persona` (`codigo_persona`),
  KEY `fk_departamento` (`iddepartamento`),
  KEY `fk_tiposusario` (`idtipousuario`)
) ENGINE=InnoDB  DEFAULT CHARSET=utf8 COLLATE=utf8_bin AUTO_INCREMENT=2064 ;

--
-- Volcado de datos para la tabla `usuarios`
--

INSERT INTO `usuarios` (`idusuario`, `nombre`, `apellidos`, `login`, `iddepartamento`, `idtipousuario`, `email`, `password`, `imagen`, `estado`, `fechacreado`, `usuariocreado`, `codigo_persona`, `idmensaje`, `distribuidora`) VALUES
(1, 'Robin Arlindo', 'Escobar Perez', 'admin', 7, 2, 'info@compartiendocodigos.com', '8c6976e5b5410415bde908bd4dee15dfb167a9c873fc4bb8a81f6f2ab448a918', 'default.jpg', 1, '2020-01-18 00:00:00', 'admin', '', 1, 1),
(110, ' SARA CECILIA', 'RUEDAS DE AGUILAR', 'marcacion', 4, 2, 'Heladosarita@heladosarita', '1234', 'default.jpg', 1, '0000-00-00 00:00:00', 'Admin', '110', 1, 1),
(116, ' JORGE ALBERTO', 'ALFARO NAVAS', 'marcacion2', 4, 2, 'Heladosarita@heladosarita', '1234', 'default.jpg', 1, '0000-00-00 00:00:00', 'Admin', '116', 1, 1),
(124, ' HANSY DE JESUS', 'VIGIL LAZO', 'marcacion52', 5, 2, 'Heladosarita@heladosarita', '1234', 'default.jpg', 1, '0000-00-00 00:00:00', 'Admin', '124', 1, 1),
(176, ' OSCAR NOE', 'ABREGO ESCALANTE', 'marcacion23', 2, 2, 'Heladosarita@heladosarita', '1234', 'default.jpg', 1, '0000-00-00 00:00:00', 'Admin', '176', 1, 1),
(347, ' YOLANDA ARACELY', 'MUNGUIA MIGUEL', 'marcacion24', 2, 2, 'Heladosarita@heladosarita', '1234', 'default.jpg', 1, '0000-00-00 00:00:00', 'Admin', '347', 1, 1),
(363, ' LUIS ERNESTO', 'INTERIANO FLORES', 'marcacion3', 4, 2, 'Heladosarita@heladosarita', '1234', 'default.jpg', 1, '0000-00-00 00:00:00', 'Admin', '363', 1, 1),
(444, ' MANUEL', 'ANTONIO', 'marcacion15', 6, 2, 'Heladosarita@heladosarita', '1234', 'default.jpg', 1, '0000-00-00 00:00:00', 'Admin', '444', 1, 1),
(452, ' HECTOR ANTONIO', 'ROSALES', 'marcacion53', 5, 2, 'Heladosarita@heladosarita', '1234', 'default.jpg', 1, '0000-00-00 00:00:00', 'Admin', '452', 1, 1),
(574, ' ROBIN ARLINDO', 'ESCOBAR CARRILLO', 'marcacion36', 13, 2, 'Heladosarita@heladosarita', '1234', 'default.jpg', 1, '0000-00-00 00:00:00', 'Admin', '574', 1, 1),
(630, ' NICOLAS ALCIDES', 'ABREGO', 'marcacion16', 6, 2, 'Heladosarita@heladosarita', '1234', 'default.jpg', 1, '0000-00-00 00:00:00', 'Admin', '630', 1, 1),
(686, ' BERTA ALICIA', 'MOZ REYES', 'marcacion25', 2, 2, 'Heladosarita@heladosarita', '1234', 'default.jpg', 1, '0000-00-00 00:00:00', 'Admin', '686', 1, 1),
(824, ' GILMAR', 'ANAYA MARTINEZ', 'marcacion37', 13, 2, 'Heladosarita@heladosarita', '1234', 'default.jpg', 1, '0000-00-00 00:00:00', 'Admin', '824', 1, 1),
(935, ' MIGUEL ANGEL', 'ESCAMILLA JUAREZ', 'marcacion26', 2, 2, 'Heladosarita@heladosarita', '1234', 'default.jpg', 1, '0000-00-00 00:00:00', 'Admin', '935', 1, 1),
(977, ' MELVYN KARIN', 'CRUZ ORTIZ', 'Admin', 9, 1, 'Heladosarita@heladosarita', '1234', 'default.jpg', 1, '0000-00-00 00:00:00', 'Admin', '977', 1, 1),
(989, ' OSVALDO FRANCISCO', 'ROMERO MARTINEZ', 'marcacion54', 5, 2, 'Heladosarita@heladosarita', '1234', 'default.jpg', 1, '0000-00-00 00:00:00', 'Admin', '989', 1, 1),
(1055, ' NELSON JOEL', 'RODRIGUEZ RODRIGUEZ', 'marcacion38', 13, 2, 'Heladosarita@heladosarita', '1234', 'default.jpg', 1, '0000-00-00 00:00:00', 'Admin', '1055', 1, 1),
(1058, ' JUAN ANTONIO', 'SOSA CORTEZ', 'marcacion4', 4, 2, 'Heladosarita@heladosarita', '1234', 'default.jpg', 1, '0000-00-00 00:00:00', 'Admin', '1058', 1, 1),
(1077, ' MARIA DE LOS ANGELES', 'LANDAVERDE DE BENITEZ', 'marcacion46', 8, 2, 'Heladosarita@heladosarita', '1234', 'default.jpg', 1, '0000-00-00 00:00:00', 'Admin', '1077', 1, 1),
(1114, ' ILIANA JISELLE', 'MENDOZA SANCHEZ', 'marcacion5', 4, 2, 'Heladosarita@heladosarita', '1234', 'default.jpg', 1, '0000-00-00 00:00:00', 'Admin', '1114', 1, 1),
(1311, ' HILMAR OSWALDO', 'MUNGUIA CRUZ', 'marcacion17', 6, 2, 'Heladosarita@heladosarita', '1234', 'default.jpg', 1, '0000-00-00 00:00:00', 'Admin', '1311', 1, 1),
(1316, ' RENE HUMBERTO', 'GARCIA AYALA', 'marcacion6', 4, 2, 'Heladosarita@heladosarita', '1234', 'default.jpg', 1, '0000-00-00 00:00:00', 'Admin', '1316', 1, 1),
(1364, ' SERGIO SALVADOR', 'VEGA', 'marcacion31', 12, 2, 'Heladosarita@heladosarita', '1234', 'default.jpg', 1, '0000-00-00 00:00:00', 'Admin', '1364', 1, 1),
(1390, ' JOSUE ABILIO', 'HERNANDEZ GARAY', 'marcacion41', 10, 2, 'Heladosarita@heladosarita', '1234', 'default.jpg', 1, '0000-00-00 00:00:00', 'Admin', '1390', 1, 1),
(1408, ' GABRIELA ABIGAIL', 'AMAYA ZAVALA DE HERNANDEZ', 'marcacion27', 2, 2, 'Heladosarita@heladosarita', '1234', 'default.jpg', 1, '0000-00-00 00:00:00', 'Admin', '1408', 1, 1),
(1431, ' LUIS EDGARDO', 'CARIAS FLORES', 'marcacion42', 10, 2, 'Heladosarita@heladosarita', '1234', 'default.jpg', 1, '0000-00-00 00:00:00', 'Admin', '1431', 1, 1),
(1438, ' LUIS ARMANDO', 'HERNANDEZ ABREGO', 'marcacion18', 6, 2, 'Heladosarita@heladosarita', '1234', 'default.jpg', 1, '0000-00-00 00:00:00', 'Admin', '1438', 1, 1),
(1443, ' SOAYDY BEATRIZ', 'AGUILA GALDAMEZ', 'marcacion43', 10, 2, 'Heladosarita@heladosarita', '1234', 'default.jpg', 1, '0000-00-00 00:00:00', 'Admin', '1443', 1, 1),
(1444, ' NELSON ISAEL', 'MARTINEZ FLORES', 'marcacion32', 12, 2, 'Heladosarita@heladosarita', '1234', 'default.jpg', 1, '0000-00-00 00:00:00', 'Admin', '1444', 1, 1),
(1470, ' GLORIA ESPERANZA', 'MACHUCA', 'marcacion7', 4, 2, 'Heladosarita@heladosarita', '1234', 'default.jpg', 1, '0000-00-00 00:00:00', 'Admin', '1470', 1, 1),
(1499, ' OSCAR OSWALDO', 'ALFARO QUEVEDO', 'marcacion55', 5, 2, 'Heladosarita@heladosarita', '1234', 'default.jpg', 1, '0000-00-00 00:00:00', 'Admin', '1499', 1, 1),
(1500, ' JUAN CARLOS', 'IRAHETA VASQUEZ', 'marcacion8', 4, 2, 'Heladosarita@heladosarita', '1234', 'default.jpg', 1, '0000-00-00 00:00:00', 'Admin', '1500', 1, 1),
(1556, ' JORDAN STEVEN', 'UMA', 'marcacion44', 10, 2, 'Heladosarita@heladosarita', '1234', 'default.jpg', 1, '0000-00-00 00:00:00', 'Admin', '1556', 1, 1),
(1562, ' MARIO JOSE', 'CRUZ SANCHEZ', 'marcacion33', 12, 2, 'Heladosarita@heladosarita', '1234', 'default.jpg', 1, '0000-00-00 00:00:00', 'Admin', '1562', 1, 1),
(1582, ' MIRIAM CAROLINA', 'RIVAS REINA', 'marcacion9', 4, 2, 'Heladosarita@heladosarita', '1234', 'default.jpg', 1, '0000-00-00 00:00:00', 'Admin', '1582', 1, 1),
(1596, ' FERMAIN DE JESUS', 'RIVAS FUENTES', 'marcacion56', 5, 2, 'Heladosarita@heladosarita', '1234', 'default.jpg', 1, '0000-00-00 00:00:00', 'Admin', '1596', 1, 1),
(1644, ' JUAN JOSE', 'GOMEZ LAINEZ', 'marcacion39', 13, 2, 'Heladosarita@heladosarita', '1234', 'default.jpg', 1, '0000-00-00 00:00:00', 'Admin', '1644', 1, 1),
(1652, ' DAVID ERNESTO', 'ULLOA ALFARO', 'marcacion19', 6, 2, 'Heladosarita@heladosarita', '1234', 'default.jpg', 1, '0000-00-00 00:00:00', 'Admin', '1652', 1, 1),
(1690, ' MARVIN ENRIQUE', 'TOBAR VELASQUEZ', 'marcacion10', 4, 2, 'Heladosarita@heladosarita', '1234', 'default.jpg', 1, '0000-00-00 00:00:00', 'Admin', '1690', 1, 1),
(1691, ' CARLOS OVIDIO', 'RODRIGUEZ PONCE', 'marcacion45', 10, 2, 'Heladosarita@heladosarita', '1234', 'default.jpg', 1, '0000-00-00 00:00:00', 'Admin', '1691', 1, 1),
(1702, ' FREDY RAYMUNDO', 'AGUIRRE SANCHEZ', 'marcacion20', 6, 2, 'Heladosarita@heladosarita', '1234', 'default.jpg', 1, '0000-00-00 00:00:00', 'Admin', '1702', 1, 1),
(1716, ' ANGEL YORJANI', 'CATALAN SANCHEZ', 'marcacion34', 12, 2, 'Heladosarita@heladosarita', '1234', 'default.jpg', 1, '0000-00-00 00:00:00', 'Admin', '1716', 1, 1),
(1755, ' JOEL VLADIMIR', 'ANTIPORTAN VASQUEZ', 'marcacion21', 6, 2, 'Heladosarita@heladosarita', '1234', 'default.jpg', 1, '0000-00-00 00:00:00', 'Admin', '1755', 1, 1),
(1761, ' DIEGO MARTIN', 'ORREGO HERNANDEZ', 'marcacion57', 5, 2, 'Heladosarita@heladosarita', '1234', 'default.jpg', 1, '0000-00-00 00:00:00', 'Admin', '1761', 1, 1),
(1784, ' OSCAR ALBERTO', 'MOYA HERNANDEZ', 'marcacion22', 6, 2, 'Heladosarita@heladosarita', '1234', 'default.jpg', 1, '0000-00-00 00:00:00', 'Admin', '1784', 1, 1),
(1825, ' MERCEDES LEONOR', 'CARBALLO SANCHEZ', 'Mercy', 8, 1, 'Heladosarita@heladosarita', '1234', 'default.jpg', 1, '0000-00-00 00:00:00', 'Admin', '1825', 1, 1),
(1843, ' YESENIA ELIZABETH', 'POCASANGRE HERNANDEZ', 'marcacion48', 8, 2, 'Heladosarita@heladosarita', '1234', 'default.jpg', 1, '0000-00-00 00:00:00', 'Admin', '1843', 1, 1),
(1855, ' JOSIMAR LEONARDO', 'MARROQUIN GARCIA', 'marcacion58', 5, 2, 'Heladosarita@heladosarita', '1234', 'default.jpg', 1, '0000-00-00 00:00:00', 'Admin', '1855', 1, 1),
(1856, ' EDWIN ANTONIO', 'FLORES GOMEZ', 'marcacion40', 13, 2, 'Heladosarita@heladosarita', '1234', 'default.jpg', 1, '0000-00-00 00:00:00', 'Admin', '1856', 1, 1),
(1861, ' ROBERTO ADAN', 'MOLINA CALDERON', 'marcacion28', 2, 2, 'Heladosarita@heladosarita', '1234', 'default.jpg', 1, '0000-00-00 00:00:00', 'Admin', '1861', 1, 1),
(1896, ' JOSE ANTONIO', 'ZAVALETA URQUILLA', 'marcacion11', 4, 2, 'Heladosarita@heladosarita', '1234', 'default.jpg', 1, '0000-00-00 00:00:00', 'Admin', '1896', 1, 1),
(1916, ' KENVER ELENILSON', 'MARTINEZ VELASQUEZ', 'marcacion29', 2, 2, 'Heladosarita@heladosarita', '1234', 'default.jpg', 1, '0000-00-00 00:00:00', 'Admin', '1916', 1, 1),
(1922, ' MARIA ELENA', 'LANDAVERDE VELASCO', 'Elena', 9, 1, 'Heladosarita@heladosarita', 'Admin', 'default.jpg', 1, '0000-00-00 00:00:00', 'Admin', '1922', 1, 1),
(1942, ' LUIS ORLANDO', 'CALDERON REYES', 'marcacion59', 5, 2, 'Heladosarita@heladosarita', '1234', 'default.jpg', 1, '0000-00-00 00:00:00', 'Admin', '1942', 1, 1),
(1972, ' JOSE EDGARDO', 'GUERRA QUEZADA', 'marcacion49', 8, 2, 'Heladosarita@heladosarita', '1234', 'default.jpg', 1, '0000-00-00 00:00:00', 'Admin', '1972', 1, 1),
(1988, ' JIMMI ALBERTO', 'GUTIERREZ GOMEZ', 'marcacion12', 4, 2, 'Heladosarita@heladosarita', '1234', 'default.jpg', 1, '0000-00-00 00:00:00', 'Admin', '1988', 1, 1),
(1992, ' JOSE ALFREDO', 'MARTINEZ SARAVIA', 'marcacion35', 12, 2, 'Heladosarita@heladosarita', '1234', 'default.jpg', 1, '0000-00-00 00:00:00', 'Admin', '1992', 1, 1),
(2022, ' RAFAEL ALFONSO', 'RUIZ MONTALVO', 'marcacion60', 5, 2, 'Heladosarita@heladosarita', '1234', 'default.jpg', 1, '0000-00-00 00:00:00', 'Admin', '2022', 1, 1),
(2032, ' DOUGLAS VLADIMIR', 'LOUCEL ESCALANTE', 'marcacion61', 5, 2, 'Heladosarita@heladosarita', '1234', 'default.jpg', 1, '0000-00-00 00:00:00', 'Admin', '2032', 1, 1),
(2038, ' CARLOS MARCELINO', 'RUMALDO DE LA CRUZ', 'marcacion13', 11, 2, 'Heladosarita@heladosarita', '1234', 'default.jpg', 1, '0000-00-00 00:00:00', 'Admin', '2038', 1, 1),
(2057, ' MARCO ALEJANDRO', 'LINARES CALLES', 'marcacion30', 2, 2, 'Heladosarita@heladosarita', '1234', 'default.jpg', 1, '0000-00-00 00:00:00', 'Admin', '2057', 1, 1),
(2058, ' JORGE LUIS', 'OSEGUEDA', 'marcacion14', 11, 2, 'Heladosarita@heladosarita', '1234', 'default.jpg', 1, '0000-00-00 00:00:00', 'Admin', '2058', 1, 1),
(2059, 'ISRAEL', 'VENTURA', 'ISRA', 8, 2, 'SARITA@SARITA.COM', '5994471abb01112afcc18159f6cc74b4f511b99806da59b3caf5a9c173cacfc5', '', 1, '2021-07-05 15:21:01', 'ISRAEL', '12345', 0, 0),
(2060, 'Dora Alicia', 'Miranda Ochoa', 'doris', 4, 2, 'doris@sarita.com', '12345', '', 1, '2021-07-05 00:00:00', 'admin', '629', 1, 1),
(2061, 'RAMON ASTUL', 'ORTIZ PEÑA', 'ASTUL', 6, 2, 'astul@heladosarita.com', '12345', '', 1, '2021-07-06 00:00:00', 'admin', '25000', 1, 1),
(2062, 'Oscar', 'Lima', 'lima', 7, 2, 'oscar@sarita.com', '03ac674216f3e15c761ee1a5e255f067953623c8b388b4459e13f978d7c846f4', '', 1, '2021-07-07 09:18:14', 'Oscar', '30000', 0, 0),
(2063, 'Wilson', 'Ramirez', 'Wilson', 7, 2, 'wilson@heladosarita.com', '12345', 'default.jpg', 1, '2021-07-13 00:00:00', 'admin', '9000', 1, 1);

--
-- Restricciones para tablas volcadas
--

--
-- Filtros para la tabla `mensajes`
--
ALTER TABLE `mensajes`
  ADD CONSTRAINT `mensajes_ibfk_1` FOREIGN KEY (`idusuario`) REFERENCES `usuarios` (`idusuario`);

--
-- Filtros para la tabla `usuarios`
--
ALTER TABLE `usuarios`
  ADD CONSTRAINT `usuarios_ibfk_1` FOREIGN KEY (`iddepartamento`) REFERENCES `departamento` (`iddepartamento`),
  ADD CONSTRAINT `usuarios_ibfk_2` FOREIGN KEY (`idtipousuario`) REFERENCES `tipousuario` (`idtipousuario`);

/*!40101 SET CHARACTER_SET_CLIENT=@OLD_CHARACTER_SET_CLIENT */;
/*!40101 SET CHARACTER_SET_RESULTS=@OLD_CHARACTER_SET_RESULTS */;
/*!40101 SET COLLATION_CONNECTION=@OLD_COLLATION_CONNECTION */;
